transformation,closest_reaction,delta_mz_observed,delta_mz_error,metabolite_from,mz_from,rt_from,metabolite_to,mz_to,rt_to,method
HILIC-pos_QI381--->HILIC-pos_QI934,[M+K]+,39.022999999999996,0.059841899909066854,HILIC-pos_QI381,94.0419,0.32,HILIC-pos_QI934,133.0649,0.31,HILIC-pos
HILIC-pos_QI934--->HILIC-pos_QI948,M+1,0.9953000000000145,0.008054837799985393,HILIC-pos_QI934,133.0649,0.31,HILIC-pos_QI948,134.0602,1.04,HILIC-pos
HILIC-pos_QI934--->HILIC-pos_QI1440,[M+Na]+,22.97720000000001,0.012020700990920119,HILIC-pos_QI934,133.0649,0.31,HILIC-pos_QI1440,156.0421,1.04,HILIC-pos
HILIC-pos_QI540--->HILIC-pos_QI934,[M+Na]+,23.00439999999999,0.015179299009059122,HILIC-pos_QI540,110.0605,1.08,HILIC-pos_QI934,133.0649,0.31,HILIC-pos
HILIC-pos_QI538--->HILIC-pos_QI934,[M+Na]+,23.00439999999999,0.015179299009059122,HILIC-pos_QI538,110.0605,1.42,HILIC-pos_QI934,133.0649,0.31,HILIC-pos
HILIC-pos_QI381--->HILIC-pos_QI934,[M+K]+,39.022999999999996,0.059841899909066854,HILIC-pos_QI381,94.0419,0.32,HILIC-pos_QI934,133.0649,0.31,HILIC-pos
HILIC-pos_QI381--->HILIC-pos_QI932,[M+K]+,39.01050000000001,0.04734189990907822,HILIC-pos_QI381,94.0419,0.32,HILIC-pos_QI932,133.0524,1.1,HILIC-pos
HILIC-pos_QI478--->HILIC-pos_QI826,[M+Na]+,23.004500000000007,0.015279299009076652,HILIC-pos_QI478,104.1074,0.35,HILIC-pos_QI826,127.1119,0.32,HILIC-pos
HILIC-pos_QI826--->HILIC-pos_QI1660,[M+K]+,38.97439999999999,0.011241899909059327,HILIC-pos_QI826,127.1119,0.32,HILIC-pos_QI1660,166.0863,1.04,HILIC-pos
HILIC-pos_QI826--->HILIC-pos_QI3219,[M+CF3COO]-,112.94169999999998,0.04388747902909529,HILIC-pos_QI826,127.1119,0.32,HILIC-pos_QI3219,240.0536,1.2,HILIC-pos
HILIC-pos_QI826--->HILIC-pos_QI808,[M-H]-,-1.0567000000000064,0.04942354767907631,HILIC-pos_QI826,127.1119,0.32,HILIC-pos_QI808,126.0552,1.28,HILIC-pos
HILIC-pos_QI478--->HILIC-pos_QI826,[M+Na]+,23.004500000000007,0.015279299009076652,HILIC-pos_QI478,104.1074,0.35,HILIC-pos_QI826,127.1119,0.32,HILIC-pos
HILIC-pos_QI478--->HILIC-pos_QI822,[M+Na]+,22.932000000000002,0.057220700990928464,HILIC-pos_QI478,104.1074,0.35,HILIC-pos_QI822,127.0394,1.03,HILIC-pos
HILIC-pos_QI478--->HILIC-pos_QI820,[M+Na]+,22.931799999999996,0.0574207009909351,HILIC-pos_QI478,104.1074,0.35,HILIC-pos_QI820,127.0392,1.38,HILIC-pos
HILIC-pos_QI5348--->HILIC-pos_QI5498,[M+Na]+,22.946399999999983,0.04282070099094781,HILIC-pos_QI5348,436.3422,0.35,HILIC-pos_QI5498,459.2886,1.18,HILIC-pos
HILIC-pos_QI5348--->HILIC-pos_QI5501,[M+Na]+,23.015800000000013,0.02657929900908229,HILIC-pos_QI5348,436.3422,0.35,HILIC-pos_QI5501,459.358,1.37,HILIC-pos
HILIC-pos_QI5226--->HILIC-pos_QI5348,[M+NH4]+,18.01940000000002,0.014425553810912817,HILIC-pos_QI5226,418.3228,1.44,HILIC-pos_QI5348,436.3422,0.35,HILIC-pos
HILIC-pos_QI5348--->HILIC-pos_QI5720,[M+CH3COO]-,59.09879999999998,0.08494708428091258,HILIC-pos_QI5348,436.3422,0.35,HILIC-pos_QI5720,495.441,1.53,HILIC-pos
HILIC-pos_QI808--->HILIC-pos_QI2125,[M+CH3COO]-,58.930400000000006,0.08345291571906444,HILIC-pos_QI808,126.0552,1.28,HILIC-pos_QI2125,184.9856,0.38,HILIC-pos
HILIC-pos_QI2125--->HILIC-pos_QI2862,[M+K]+,39.002700000000004,0.039541899909075084,HILIC-pos_QI2125,184.9856,0.38,HILIC-pos_QI2862,223.9883,1.43,HILIC-pos
HILIC-pos_QI1801--->HILIC-pos_QI2740,[M+HCOO]-,44.99280000000002,0.005402851259056263,HILIC-pos_QI1801,171.1015,0.98,HILIC-pos_QI2740,216.0943,0.83,HILIC-pos
HILIC-pos_QI2740--->HILIC-pos_QI3113,[M+NH4]+,17.985199999999992,0.04862555381093969,HILIC-pos_QI2740,216.0943,0.83,HILIC-pos_QI3113,234.0795,1.04,HILIC-pos
HILIC-pos_QI1784--->HILIC-pos_QI2740,[M+HCOO]-,45.0453,0.04709714874092441,HILIC-pos_QI1784,171.049,1.33,HILIC-pos_QI2740,216.0943,0.83,HILIC-pos
HILIC-pos_QI1802--->HILIC-pos_QI2740,[M+HCOO]-,44.99280000000002,0.005402851259056263,HILIC-pos_QI1802,171.1015,1.39,HILIC-pos_QI2740,216.0943,0.83,HILIC-pos
HILIC-pos_QI1801--->HILIC-pos_QI2734,[M+HCOO]-,44.99260000000001,0.005602851259062902,HILIC-pos_QI1801,171.1015,0.98,HILIC-pos_QI2734,216.0941,0.88,HILIC-pos
HILIC-pos_QI2734--->HILIC-pos_QI3113,[M+NH4]+,17.9854,0.04842555381093305,HILIC-pos_QI2734,216.0941,0.88,HILIC-pos_QI3113,234.0795,1.04,HILIC-pos
HILIC-pos_QI1784--->HILIC-pos_QI2734,[M+HCOO]-,45.04509999999999,0.04689714874091777,HILIC-pos_QI1784,171.049,1.33,HILIC-pos_QI2734,216.0941,0.88,HILIC-pos
HILIC-pos_QI1802--->HILIC-pos_QI2734,[M+HCOO]-,44.99260000000001,0.005602851259062902,HILIC-pos_QI1802,171.1015,1.39,HILIC-pos_QI2734,216.0941,0.88,HILIC-pos
HILIC-pos_QI3807--->HILIC-pos_QI4042,[M+NH4]+,17.988699999999994,0.04512555381093719,HILIC-pos_QI3807,279.1228,0.96,HILIC-pos_QI4042,297.1115,0.97,HILIC-pos
HILIC-pos_QI3807--->HILIC-pos_QI3820,M+1,0.9256000000000313,0.07775483779996861,HILIC-pos_QI3807,279.1228,0.96,HILIC-pos_QI3820,280.0484,0.99,HILIC-pos
HILIC-pos_QI3472--->HILIC-pos_QI3807,[M+Na]+,23.061499999999967,0.07227929900903618,HILIC-pos_QI3472,256.0613,1.01,HILIC-pos_QI3807,279.1228,0.96,HILIC-pos
HILIC-pos_QI1660--->HILIC-pos_QI3807,[M+CF3COO]-,113.03649999999999,0.050912520970911146,HILIC-pos_QI1660,166.0863,1.04,HILIC-pos_QI3807,279.1228,0.96,HILIC-pos
HILIC-pos_QI3113--->HILIC-pos_QI3807,[M+HCOO]-,45.04329999999999,0.04509714874091486,HILIC-pos_QI3113,234.0795,1.04,HILIC-pos_QI3807,279.1228,0.96,HILIC-pos
HILIC-pos_QI3807--->HILIC-pos_QI4300,[M+K]+,39.02539999999999,0.06224189990906126,HILIC-pos_QI3807,279.1228,0.96,HILIC-pos_QI4300,318.1482,1.05,HILIC-pos
HILIC-pos_QI3838--->HILIC-pos_QI3820,[M-H]-,-1.0679999999999836,0.060723547679053524,HILIC-pos_QI3838,281.1164,0.96,HILIC-pos_QI3820,280.0484,0.99,HILIC-pos
HILIC-pos_QI3838--->HILIC-pos_QI4143,[M+Na]+,23.016099999999994,0.02687929900906383,HILIC-pos_QI3838,281.1164,0.96,HILIC-pos_QI4143,304.1325,1.06,HILIC-pos
HILIC-pos_QI3838--->HILIC-pos_QI4066,[M+NH4]+,18.010800000000017,0.02302555381091409,HILIC-pos_QI3838,281.1164,0.96,HILIC-pos_QI4066,299.1272,1.17,HILIC-pos
HILIC-pos_QI3219--->HILIC-pos_QI3885,[M+HCOO]-,44.989100000000036,0.009102851259036981,HILIC-pos_QI3219,240.0536,1.2,HILIC-pos_QI3885,285.0427,0.97,HILIC-pos
HILIC-pos_QI3268--->HILIC-pos_QI3885,[M+CH4CN]+,42.040400000000034,0.006574446189105743,HILIC-pos_QI3268,243.0023,1.26,HILIC-pos_QI3885,285.0427,0.97,HILIC-pos
HILIC-pos_QI3807--->HILIC-pos_QI4042,[M+NH4]+,17.988699999999994,0.04512555381093719,HILIC-pos_QI3807,279.1228,0.96,HILIC-pos_QI4042,297.1115,0.97,HILIC-pos
HILIC-pos_QI3809--->HILIC-pos_QI4042,[M+NH4]+,17.97429999999997,0.059525553810960474,HILIC-pos_QI3809,279.1372,1.02,HILIC-pos_QI4042,297.1115,0.97,HILIC-pos
HILIC-pos_QI4042--->HILIC-pos_QI4266,[M+NH4]+,18.010400000000004,0.02342555381092737,HILIC-pos_QI4042,297.1115,0.97,HILIC-pos_QI4266,315.1219,1.24,HILIC-pos
HILIC-pos_QI3412--->HILIC-pos_QI4042,[M+HCOO]-,45.05789999999999,0.05969714874091636,HILIC-pos_QI3412,252.0536,1.33,HILIC-pos_QI4042,297.1115,0.97,HILIC-pos
HILIC-pos_QI5823--->HILIC-pos_QI5954,[M+Na]+,23.016399999999976,0.027179299009045366,HILIC-pos_QI5823,514.1884,0.97,HILIC-pos_QI5954,537.2048,1.05,HILIC-pos
HILIC-pos_QI6942--->HILIC-pos_QI7045,[M+Na]+,23.015300000000025,0.026079299009094115,HILIC-pos_QI6942,747.2612,0.97,HILIC-pos_QI7045,770.2765,1.04,HILIC-pos
HILIC-pos_QI1801--->HILIC-pos_QI2740,[M+HCOO]-,44.99280000000002,0.005402851259056263,HILIC-pos_QI1801,171.1015,0.98,HILIC-pos_QI2740,216.0943,0.83,HILIC-pos
HILIC-pos_QI1801--->HILIC-pos_QI2734,[M+HCOO]-,44.99260000000001,0.005602851259062902,HILIC-pos_QI1801,171.1015,0.98,HILIC-pos_QI2734,216.0941,0.88,HILIC-pos
HILIC-pos_QI1801--->HILIC-pos_QI2736,[M+HCOO]-,44.99260000000001,0.005602851259062902,HILIC-pos_QI1801,171.1015,0.98,HILIC-pos_QI2736,216.0941,1.03,HILIC-pos
HILIC-pos_QI1262--->HILIC-pos_QI1801,[M+Na]+,23.0257,0.03647929900906988,HILIC-pos_QI1262,148.0758,1.04,HILIC-pos_QI1801,171.1015,0.98,HILIC-pos
HILIC-pos_QI1801--->HILIC-pos_QI2565,[M+Cl]-,34.9469,0.02250125990907037,HILIC-pos_QI1801,171.1015,0.98,HILIC-pos_QI2565,206.0484,1.04,HILIC-pos
HILIC-pos_QI808--->HILIC-pos_QI1801,[M+HCOO]-,45.04629999999999,0.048097148740914974,HILIC-pos_QI808,126.0552,1.28,HILIC-pos_QI1801,171.1015,0.98,HILIC-pos
HILIC-pos_QI4157--->HILIC-pos_QI4143,[M-H]-,-1.020399999999995,0.013123547679064984,HILIC-pos_QI4157,305.1529,0.98,HILIC-pos_QI4143,304.1325,1.06,HILIC-pos
HILIC-pos_QI4157--->HILIC-pos_QI4659,[M+HCOO]-,45.0215,0.02329714874093014,HILIC-pos_QI4157,305.1529,0.98,HILIC-pos_QI4659,350.1744,1.26,HILIC-pos
HILIC-pos_QI3807--->HILIC-pos_QI3820,M+1,0.9256000000000313,0.07775483779996861,HILIC-pos_QI3807,279.1228,0.96,HILIC-pos_QI3820,280.0484,0.99,HILIC-pos
HILIC-pos_QI3838--->HILIC-pos_QI3820,[M-H]-,-1.0679999999999836,0.060723547679053524,HILIC-pos_QI3838,281.1164,0.96,HILIC-pos_QI3820,280.0484,0.99,HILIC-pos
HILIC-pos_QI3839--->HILIC-pos_QI3820,[M-H]-,-1.0845999999999663,0.07732354767903615,HILIC-pos_QI3839,281.133,1.01,HILIC-pos_QI3820,280.0484,0.99,HILIC-pos
HILIC-pos_QI3809--->HILIC-pos_QI3820,M+1,0.911200000000008,0.0921548377999919,HILIC-pos_QI3809,279.1372,1.02,HILIC-pos_QI3820,280.0484,0.99,HILIC-pos
HILIC-pos_QI3834--->HILIC-pos_QI3820,[M-H]-,-1.008199999999988,0.00092354767905789,HILIC-pos_QI3834,281.0566,1.09,HILIC-pos_QI3820,280.0484,0.99,HILIC-pos
HILIC-pos_QI3820--->HILIC-pos_QI4353,[M+CH4CN]+,42.09469999999999,0.060874446189060905,HILIC-pos_QI3820,280.0484,0.99,HILIC-pos_QI4353,322.1431,1.18,HILIC-pos
HILIC-pos_QI5686--->HILIC-pos_QI5807,[M+Na]+,23.075800000000015,0.08657929900908456,HILIC-pos_QI5686,489.1338,0.99,HILIC-pos_QI5807,512.2096,1.02,HILIC-pos
HILIC-pos_QI6849--->HILIC-pos_QI6937,[M+Na]+,23.076000000000022,0.0867792990090912,HILIC-pos_QI6849,722.2055,0.99,HILIC-pos_QI6937,745.2815,1,HILIC-pos
HILIC-pos_QI6884--->HILIC-pos_QI7045,[M+K]+,39.01080000000002,0.04764189990908818,HILIC-pos_QI6884,731.2657,0.99,HILIC-pos_QI7045,770.2765,1.04,HILIC-pos
HILIC-pos_QI6719--->HILIC-pos_QI6884,[M+K]+,38.90560000000005,0.057558100090879805,HILIC-pos_QI6719,692.3601,1.18,HILIC-pos_QI6884,731.2657,0.99,HILIC-pos
HILIC-pos_QI3101--->HILIC-pos_QI3472,[M+Na]+,23.075800000000015,0.08657929900908456,HILIC-pos_QI3101,232.9855,1,HILIC-pos_QI3472,256.0613,1.01,HILIC-pos
HILIC-pos_QI3113--->HILIC-pos_QI3101,[M-H]-,-1.093999999999994,0.08672354767906398,HILIC-pos_QI3113,234.0795,1.04,HILIC-pos_QI3101,232.9855,1,HILIC-pos
HILIC-pos_QI3075--->HILIC-pos_QI3101,M+1,0.9581000000000017,0.04525483779999817,HILIC-pos_QI3075,232.0274,1.1,HILIC-pos_QI3101,232.9855,1,HILIC-pos
HILIC-pos_QI4026--->HILIC-pos_QI4695,[M+CH3COO]-,58.968399999999974,0.045452915719096154,HILIC-pos_QI4026,295.1322,1.01,HILIC-pos_QI4695,354.1006,1,HILIC-pos
HILIC-pos_QI4266--->HILIC-pos_QI4695,[M+K]+,38.9787,0.015541899909074175,HILIC-pos_QI4266,315.1219,1.24,HILIC-pos_QI4695,354.1006,1,HILIC-pos
HILIC-pos_QI6849--->HILIC-pos_QI6937,[M+Na]+,23.076000000000022,0.0867792990090912,HILIC-pos_QI6849,722.2055,0.99,HILIC-pos_QI6937,745.2815,1,HILIC-pos
HILIC-pos_QI3472--->HILIC-pos_QI3807,[M+Na]+,23.061499999999967,0.07227929900903618,HILIC-pos_QI3472,256.0613,1.01,HILIC-pos_QI3807,279.1228,0.96,HILIC-pos
HILIC-pos_QI3101--->HILIC-pos_QI3472,[M+Na]+,23.075800000000015,0.08657929900908456,HILIC-pos_QI3101,232.9855,1,HILIC-pos_QI3472,256.0613,1.01,HILIC-pos
HILIC-pos_QI3472--->HILIC-pos_QI3809,[M+Na]+,23.07589999999999,0.08667929900905946,HILIC-pos_QI3472,256.0613,1.01,HILIC-pos_QI3809,279.1372,1.02,HILIC-pos
HILIC-pos_QI2657--->HILIC-pos_QI3472,[M+HCOO]-,45.05740000000003,0.05919714874095661,HILIC-pos_QI2657,211.0039,1.06,HILIC-pos_QI3472,256.0613,1.01,HILIC-pos
HILIC-pos_QI3472--->HILIC-pos_QI4266,[M+CH3COO]-,59.060599999999965,0.046747084280895024,HILIC-pos_QI3472,256.0613,1.01,HILIC-pos_QI4266,315.1219,1.24,HILIC-pos
HILIC-pos_QI3839--->HILIC-pos_QI3820,[M-H]-,-1.0845999999999663,0.07732354767903615,HILIC-pos_QI3839,281.133,1.01,HILIC-pos_QI3820,280.0484,0.99,HILIC-pos
HILIC-pos_QI3839--->HILIC-pos_QI4143,[M+Na]+,22.999500000000012,0.0102792990090812,HILIC-pos_QI3839,281.133,1.01,HILIC-pos_QI4143,304.1325,1.06,HILIC-pos
HILIC-pos_QI3839--->HILIC-pos_QI4066,[M+NH4]+,17.994200000000035,0.03962555381089672,HILIC-pos_QI3839,281.133,1.01,HILIC-pos_QI4066,299.1272,1.17,HILIC-pos
HILIC-pos_QI4026--->HILIC-pos_QI4695,[M+CH3COO]-,58.968399999999974,0.045452915719096154,HILIC-pos_QI4026,295.1322,1.01,HILIC-pos_QI4695,354.1006,1,HILIC-pos
HILIC-pos_QI4026--->HILIC-pos_QI4300,[M+Na]+,23.015999999999963,0.026779299009032087,HILIC-pos_QI4026,295.1322,1.01,HILIC-pos_QI4300,318.1482,1.05,HILIC-pos
HILIC-pos_QI3787--->HILIC-pos_QI4026,[M+NH4]+,18.034899999999993,0.0010744461890617174,HILIC-pos_QI3787,277.0973,1.1,HILIC-pos_QI4026,295.1322,1.01,HILIC-pos
HILIC-pos_QI3783--->HILIC-pos_QI4026,[M+NH4]+,18.047000000000025,0.013174446189093914,HILIC-pos_QI3783,277.0852,1.19,HILIC-pos_QI4026,295.1322,1.01,HILIC-pos
HILIC-pos_QI4487--->HILIC-pos_QI4949,[M+HCOO]-,44.91660000000002,0.08160285125905631,HILIC-pos_QI4487,335.1997,1.02,HILIC-pos_QI4949,380.1163,1.01,HILIC-pos
HILIC-pos_QI4266--->HILIC-pos_QI5273,[M+CF3COO]-,112.9939,0.008312520970918058,HILIC-pos_QI4266,315.1219,1.24,HILIC-pos_QI5273,428.1158,1.01,HILIC-pos
HILIC-pos_QI5273--->HILIC-pos_QI5424,[M+NH4]+,18.06880000000001,0.034974446189078634,HILIC-pos_QI5273,428.1158,1.01,HILIC-pos_QI5424,446.1846,1.39,HILIC-pos
HILIC-pos_QI5729--->HILIC-pos_QI5973,[M+CH4CN]+,42.04669999999999,0.012874446189059086,HILIC-pos_QI5729,498.1939,1.03,HILIC-pos_QI5973,540.2406,1.01,HILIC-pos
HILIC-pos_QI785--->HILIC-pos_QI1262,[M+Na]+,23.015799999999984,0.02657929900905387,HILIC-pos_QI785,125.06,1.02,HILIC-pos_QI1262,148.0758,1.04,HILIC-pos
HILIC-pos_QI785--->HILIC-pos_QI1624,[M+K]+,39.010699999999986,0.04754189990905644,HILIC-pos_QI785,125.06,1.02,HILIC-pos_QI1624,164.0707,1.08,HILIC-pos
HILIC-pos_QI785--->HILIC-pos_QI808,M+1,0.995199999999997,0.008154837800002923,HILIC-pos_QI785,125.06,1.02,HILIC-pos_QI808,126.0552,1.28,HILIC-pos
HILIC-pos_QI1353--->HILIC-pos_QI3604,[M+CF3COO]-,113.05090000000001,0.06531252097093443,HILIC-pos_QI1353,152.0707,1.02,HILIC-pos_QI3604,265.1216,1.02,HILIC-pos
HILIC-pos_QI948--->HILIC-pos_QI1353,[M+NH4]+,18.01049999999998,0.02332555381095247,HILIC-pos_QI948,134.0602,1.04,HILIC-pos_QI1353,152.0707,1.02,HILIC-pos
HILIC-pos_QI1353--->HILIC-pos_QI2657,[M+CH3COO]-,58.9332,0.08065291571907096,HILIC-pos_QI1353,152.0707,1.02,HILIC-pos_QI2657,211.0039,1.06,HILIC-pos
HILIC-pos_QI540--->HILIC-pos_QI1353,[M+CH4CN]+,42.01019999999998,0.023625553810944666,HILIC-pos_QI540,110.0605,1.08,HILIC-pos_QI1353,152.0707,1.02,HILIC-pos
HILIC-pos_QI538--->HILIC-pos_QI1353,[M+CH4CN]+,42.01019999999998,0.023625553810944666,HILIC-pos_QI538,110.0605,1.42,HILIC-pos_QI1353,152.0707,1.02,HILIC-pos
HILIC-pos_QI2848--->HILIC-pos_QI3604,[M+CH4CN]+,42.046899999999994,0.013074446189065725,HILIC-pos_QI2848,223.0747,1.02,HILIC-pos_QI3604,265.1216,1.02,HILIC-pos
HILIC-pos_QI540--->HILIC-pos_QI2848,[M+CF3COO]-,113.0142,0.028612520970924038,HILIC-pos_QI540,110.0605,1.08,HILIC-pos_QI2848,223.0747,1.02,HILIC-pos
HILIC-pos_QI1624--->HILIC-pos_QI2848,[M+CH3COO]-,59.00400000000002,0.009852915719051225,HILIC-pos_QI1624,164.0707,1.08,HILIC-pos_QI2848,223.0747,1.02,HILIC-pos
HILIC-pos_QI538--->HILIC-pos_QI2848,[M+CF3COO]-,113.0142,0.028612520970924038,HILIC-pos_QI538,110.0605,1.42,HILIC-pos_QI2848,223.0747,1.02,HILIC-pos
HILIC-pos_QI2848--->HILIC-pos_QI2862,M+1,0.9136000000000024,0.08975483779999749,HILIC-pos_QI2848,223.0747,1.02,HILIC-pos_QI2862,223.9883,1.43,HILIC-pos
HILIC-pos_QI3604--->HILIC-pos_QI3590,[M-H]-,-1.0679999999999836,0.060723547679053524,HILIC-pos_QI3604,265.1216,1.02,HILIC-pos_QI3590,264.0536,1.02,HILIC-pos
HILIC-pos_QI1353--->HILIC-pos_QI3604,[M+CF3COO]-,113.05090000000001,0.06531252097093443,HILIC-pos_QI1353,152.0707,1.02,HILIC-pos_QI3604,265.1216,1.02,HILIC-pos
HILIC-pos_QI2848--->HILIC-pos_QI3604,[M+CH4CN]+,42.046899999999994,0.013074446189065725,HILIC-pos_QI2848,223.0747,1.02,HILIC-pos_QI3604,265.1216,1.02,HILIC-pos
HILIC-pos_QI3604--->HILIC-pos_QI3590,[M-H]-,-1.0679999999999836,0.060723547679053524,HILIC-pos_QI3604,265.1216,1.02,HILIC-pos_QI3590,264.0536,1.02,HILIC-pos
HILIC-pos_QI3604--->HILIC-pos_QI4174,[M+CH4CN]+,42.046899999999994,0.013074446189065725,HILIC-pos_QI3604,265.1216,1.02,HILIC-pos_QI4174,307.1685,1.02,HILIC-pos
HILIC-pos_QI2565--->HILIC-pos_QI3604,[M+CH3COO]-,59.073200000000014,0.05934708428094382,HILIC-pos_QI2565,206.0484,1.04,HILIC-pos_QI3604,265.1216,1.02,HILIC-pos
HILIC-pos_QI3604--->HILIC-pos_QI4143,[M+K]+,39.01089999999999,0.04774189990906308,HILIC-pos_QI3604,265.1216,1.02,HILIC-pos_QI4143,304.1325,1.06,HILIC-pos
HILIC-pos_QI3809--->HILIC-pos_QI4042,[M+NH4]+,17.97429999999997,0.059525553810960474,HILIC-pos_QI3809,279.1372,1.02,HILIC-pos_QI4042,297.1115,0.97,HILIC-pos
HILIC-pos_QI3809--->HILIC-pos_QI3820,M+1,0.911200000000008,0.0921548377999919,HILIC-pos_QI3809,279.1372,1.02,HILIC-pos_QI3820,280.0484,0.99,HILIC-pos
HILIC-pos_QI3472--->HILIC-pos_QI3809,[M+Na]+,23.07589999999999,0.08667929900905946,HILIC-pos_QI3472,256.0613,1.01,HILIC-pos_QI3809,279.1372,1.02,HILIC-pos
HILIC-pos_QI1660--->HILIC-pos_QI3809,[M+CF3COO]-,113.05090000000001,0.06531252097093443,HILIC-pos_QI1660,166.0863,1.04,HILIC-pos_QI3809,279.1372,1.02,HILIC-pos
HILIC-pos_QI3113--->HILIC-pos_QI3809,[M+HCOO]-,45.05770000000001,0.059497148740938144,HILIC-pos_QI3113,234.0795,1.04,HILIC-pos_QI3809,279.1372,1.02,HILIC-pos
HILIC-pos_QI3809--->HILIC-pos_QI4300,[M+K]+,39.01099999999997,0.04784189990903798,HILIC-pos_QI3809,279.1372,1.02,HILIC-pos_QI4300,318.1482,1.05,HILIC-pos
HILIC-pos_QI3604--->HILIC-pos_QI4174,[M+CH4CN]+,42.046899999999994,0.013074446189065725,HILIC-pos_QI3604,265.1216,1.02,HILIC-pos_QI4174,307.1685,1.02,HILIC-pos
HILIC-pos_QI4487--->HILIC-pos_QI4949,[M+HCOO]-,44.91660000000002,0.08160285125905631,HILIC-pos_QI4487,335.1997,1.02,HILIC-pos_QI4949,380.1163,1.01,HILIC-pos
HILIC-pos_QI4001--->HILIC-pos_QI4487,[M+CH4CN]+,42.046899999999994,0.013074446189065725,HILIC-pos_QI4001,293.1528,1.03,HILIC-pos_QI4487,335.1997,1.02,HILIC-pos
HILIC-pos_QI4487--->HILIC-pos_QI4736,[M+Na]+,23.04109999999997,0.05187929900904109,HILIC-pos_QI4487,335.1997,1.02,HILIC-pos_QI4736,358.2408,1.4,HILIC-pos
HILIC-pos_QI5686--->HILIC-pos_QI5807,[M+Na]+,23.075800000000015,0.08657929900908456,HILIC-pos_QI5686,489.1338,0.99,HILIC-pos_QI5807,512.2096,1.02,HILIC-pos
HILIC-pos_QI478--->HILIC-pos_QI822,[M+Na]+,22.932000000000002,0.057220700990928464,HILIC-pos_QI478,104.1074,0.35,HILIC-pos_QI822,127.0394,1.03,HILIC-pos
HILIC-pos_QI822--->HILIC-pos_QI1660,[M+K]+,39.046899999999994,0.08374189990906444,HILIC-pos_QI822,127.0394,1.03,HILIC-pos_QI1660,166.0863,1.04,HILIC-pos
HILIC-pos_QI822--->HILIC-pos_QI3219,[M+CF3COO]-,113.01419999999999,0.028612520970909827,HILIC-pos_QI822,127.0394,1.03,HILIC-pos_QI3219,240.0536,1.2,HILIC-pos
HILIC-pos_QI808--->HILIC-pos_QI822,M+1,0.9842000000000013,0.019154837799998603,HILIC-pos_QI808,126.0552,1.28,HILIC-pos_QI822,127.0394,1.03,HILIC-pos
HILIC-pos_QI1008--->HILIC-pos_QI1963,[M+CH4CN]+,42.05799999999999,0.024174446189064724,HILIC-pos_QI1008,137.0599,1.03,HILIC-pos_QI1963,179.1179,1.06,HILIC-pos
HILIC-pos_QI1008--->HILIC-pos_QI1900,[M+K]+,38.94149999999999,0.021658100090938603,HILIC-pos_QI1008,137.0599,1.03,HILIC-pos_QI1900,176.0014,1.17,HILIC-pos
HILIC-pos_QI1801--->HILIC-pos_QI2736,[M+HCOO]-,44.99260000000001,0.005602851259062902,HILIC-pos_QI1801,171.1015,0.98,HILIC-pos_QI2736,216.0941,1.03,HILIC-pos
HILIC-pos_QI2736--->HILIC-pos_QI3113,[M+NH4]+,17.9854,0.04842555381093305,HILIC-pos_QI2736,216.0941,1.03,HILIC-pos_QI3113,234.0795,1.04,HILIC-pos
HILIC-pos_QI1784--->HILIC-pos_QI2736,[M+HCOO]-,45.04509999999999,0.04689714874091777,HILIC-pos_QI1784,171.049,1.33,HILIC-pos_QI2736,216.0941,1.03,HILIC-pos
HILIC-pos_QI1802--->HILIC-pos_QI2736,[M+HCOO]-,44.99260000000001,0.005602851259062902,HILIC-pos_QI1802,171.1015,1.39,HILIC-pos_QI2736,216.0941,1.03,HILIC-pos
HILIC-pos_QI4001--->HILIC-pos_QI4487,[M+CH4CN]+,42.046899999999994,0.013074446189065725,HILIC-pos_QI4001,293.1528,1.03,HILIC-pos_QI4487,335.1997,1.02,HILIC-pos
HILIC-pos_QI3113--->HILIC-pos_QI4001,[M+CH3COO]-,59.07330000000002,0.05944708428094714,HILIC-pos_QI3113,234.0795,1.04,HILIC-pos_QI4001,293.1528,1.03,HILIC-pos
HILIC-pos_QI3679--->HILIC-pos_QI4001,[M+Na]+,23.088700000000017,0.09947929900908647,HILIC-pos_QI3679,270.0641,1.25,HILIC-pos_QI4001,293.1528,1.03,HILIC-pos
HILIC-pos_QI4300--->HILIC-pos_QI4781,[M+HCOO]-,45.08290000000005,0.08469714874097889,HILIC-pos_QI4300,318.1482,1.05,HILIC-pos_QI4781,363.2311,1.03,HILIC-pos
HILIC-pos_QI4143--->HILIC-pos_QI4781,[M+CH3COO]-,59.09860000000003,0.08474708428096278,HILIC-pos_QI4143,304.1325,1.06,HILIC-pos_QI4781,363.2311,1.03,HILIC-pos
HILIC-pos_QI5729--->HILIC-pos_QI5973,[M+CH4CN]+,42.04669999999999,0.012874446189059086,HILIC-pos_QI5729,498.1939,1.03,HILIC-pos_QI5973,540.2406,1.01,HILIC-pos
HILIC-pos_QI5729--->HILIC-pos_QI5954,[M+K]+,39.01089999999999,0.04774189990906308,HILIC-pos_QI5729,498.1939,1.03,HILIC-pos_QI5954,537.2048,1.05,HILIC-pos
HILIC-pos_QI5498--->HILIC-pos_QI5729,[M+K]+,38.90530000000001,0.057858100090918185,HILIC-pos_QI5498,459.2886,1.18,HILIC-pos_QI5729,498.1939,1.03,HILIC-pos
HILIC-pos_QI934--->HILIC-pos_QI948,M+1,0.9953000000000145,0.008054837799985393,HILIC-pos_QI934,133.0649,0.31,HILIC-pos_QI948,134.0602,1.04,HILIC-pos
HILIC-pos_QI948--->HILIC-pos_QI1353,[M+NH4]+,18.01049999999998,0.02332555381095247,HILIC-pos_QI948,134.0602,1.04,HILIC-pos_QI1353,152.0707,1.02,HILIC-pos
HILIC-pos_QI948--->HILIC-pos_QI1963,[M+HCOO]-,45.05769999999998,0.05949714874090972,HILIC-pos_QI948,134.0602,1.04,HILIC-pos_QI1963,179.1179,1.06,HILIC-pos
HILIC-pos_QI948--->HILIC-pos_QI932,[M-H]-,-1.0078000000000031,0.0005235476790730331,HILIC-pos_QI948,134.0602,1.04,HILIC-pos_QI932,133.0524,1.1,HILIC-pos
HILIC-pos_QI948--->HILIC-pos_QI1900,[M+CH4CN]+,41.94119999999998,0.09262555381094728,HILIC-pos_QI948,134.0602,1.04,HILIC-pos_QI1900,176.0014,1.17,HILIC-pos
HILIC-pos_QI1262--->HILIC-pos_QI1801,[M+Na]+,23.0257,0.03647929900906988,HILIC-pos_QI1262,148.0758,1.04,HILIC-pos_QI1801,171.1015,0.98,HILIC-pos
HILIC-pos_QI785--->HILIC-pos_QI1262,[M+Na]+,23.015799999999984,0.02657929900905387,HILIC-pos_QI785,125.06,1.02,HILIC-pos_QI1262,148.0758,1.04,HILIC-pos
HILIC-pos_QI1262--->HILIC-pos_QI1660,[M+NH4]+,18.010500000000008,0.02332555381092405,HILIC-pos_QI1262,148.0758,1.04,HILIC-pos_QI1660,166.0863,1.04,HILIC-pos
HILIC-pos_QI1262--->HILIC-pos_QI2204,[M+CH4CN]+,41.94120000000001,0.09262555381091886,HILIC-pos_QI1262,148.0758,1.04,HILIC-pos_QI2204,190.017,1.07,HILIC-pos
HILIC-pos_QI1262--->HILIC-pos_QI2066,[M+Cl]-,34.8862,0.08320125990906746,HILIC-pos_QI1262,148.0758,1.04,HILIC-pos_QI2066,182.962,1.32,HILIC-pos
HILIC-pos_QI1262--->HILIC-pos_QI1784,[M+Na]+,22.97320000000002,0.016020700990910797,HILIC-pos_QI1262,148.0758,1.04,HILIC-pos_QI1784,171.049,1.33,HILIC-pos
HILIC-pos_QI1262--->HILIC-pos_QI1802,[M+Na]+,23.0257,0.03647929900906988,HILIC-pos_QI1262,148.0758,1.04,HILIC-pos_QI1802,171.1015,1.39,HILIC-pos
HILIC-pos_QI1262--->HILIC-pos_QI2205,[M+CH4CN]+,41.94120000000001,0.09262555381091886,HILIC-pos_QI1262,148.0758,1.04,HILIC-pos_QI2205,190.017,1.42,HILIC-pos
HILIC-pos_QI934--->HILIC-pos_QI1440,[M+Na]+,22.97720000000001,0.012020700990920119,HILIC-pos_QI934,133.0649,0.31,HILIC-pos_QI1440,156.0421,1.04,HILIC-pos
HILIC-pos_QI1440--->HILIC-pos_QI1963,[M+Na]+,23.075799999999987,0.08657929900905614,HILIC-pos_QI1440,156.0421,1.04,HILIC-pos_QI1963,179.1179,1.06,HILIC-pos
HILIC-pos_QI932--->HILIC-pos_QI1440,[M+Na]+,22.9897,0.0004792990090685123,HILIC-pos_QI932,133.0524,1.1,HILIC-pos_QI1440,156.0421,1.04,HILIC-pos
HILIC-pos_QI1440--->HILIC-pos_QI2444,[M+HCOO]-,44.93039999999999,0.06780285125908136,HILIC-pos_QI1440,156.0421,1.04,HILIC-pos_QI2444,200.9725,1.42,HILIC-pos
HILIC-pos_QI826--->HILIC-pos_QI1660,[M+K]+,38.97439999999999,0.011241899909059327,HILIC-pos_QI826,127.1119,0.32,HILIC-pos_QI1660,166.0863,1.04,HILIC-pos
HILIC-pos_QI1660--->HILIC-pos_QI3807,[M+CF3COO]-,113.03649999999999,0.050912520970911146,HILIC-pos_QI1660,166.0863,1.04,HILIC-pos_QI3807,279.1228,0.96,HILIC-pos
HILIC-pos_QI1660--->HILIC-pos_QI3809,[M+CF3COO]-,113.05090000000001,0.06531252097093443,HILIC-pos_QI1660,166.0863,1.04,HILIC-pos_QI3809,279.1372,1.02,HILIC-pos
HILIC-pos_QI822--->HILIC-pos_QI1660,[M+K]+,39.046899999999994,0.08374189990906444,HILIC-pos_QI822,127.0394,1.03,HILIC-pos_QI1660,166.0863,1.04,HILIC-pos
HILIC-pos_QI1262--->HILIC-pos_QI1660,[M+NH4]+,18.010500000000008,0.02332555381092405,HILIC-pos_QI1262,148.0758,1.04,HILIC-pos_QI1660,166.0863,1.04,HILIC-pos
HILIC-pos_QI1660--->HILIC-pos_QI2657,[M+HCOO]-,44.91759999999999,0.08060285125907996,HILIC-pos_QI1660,166.0863,1.04,HILIC-pos_QI2657,211.0039,1.06,HILIC-pos
HILIC-pos_QI820--->HILIC-pos_QI1660,[M+K]+,39.0471,0.08394189990907108,HILIC-pos_QI820,127.0392,1.38,HILIC-pos_QI1660,166.0863,1.04,HILIC-pos
HILIC-pos_QI1660--->HILIC-pos_QI2444,[M+Cl]-,34.8862,0.08320125990906746,HILIC-pos_QI1660,166.0863,1.04,HILIC-pos_QI2444,200.9725,1.42,HILIC-pos
HILIC-pos_QI1801--->HILIC-pos_QI2565,[M+Cl]-,34.9469,0.02250125990907037,HILIC-pos_QI1801,171.1015,0.98,HILIC-pos_QI2565,206.0484,1.04,HILIC-pos
HILIC-pos_QI2565--->HILIC-pos_QI3604,[M+CH3COO]-,59.073200000000014,0.05934708428094382,HILIC-pos_QI2565,206.0484,1.04,HILIC-pos_QI3604,265.1216,1.02,HILIC-pos
HILIC-pos_QI1624--->HILIC-pos_QI2565,[M+CH4CN]+,41.9777,0.05612555381092932,HILIC-pos_QI1624,164.0707,1.08,HILIC-pos_QI2565,206.0484,1.04,HILIC-pos
HILIC-pos_QI2066--->HILIC-pos_QI2565,[M+Na]+,23.086399999999998,0.09717929900906697,HILIC-pos_QI2066,182.962,1.32,HILIC-pos_QI2565,206.0484,1.04,HILIC-pos
HILIC-pos_QI1784--->HILIC-pos_QI2565,[M+Cl]-,34.99939999999998,0.029998740090910303,HILIC-pos_QI1784,171.049,1.33,HILIC-pos_QI2565,206.0484,1.04,HILIC-pos
HILIC-pos_QI1802--->HILIC-pos_QI2565,[M+Cl]-,34.9469,0.02250125990907037,HILIC-pos_QI1802,171.1015,1.39,HILIC-pos_QI2565,206.0484,1.04,HILIC-pos
HILIC-pos_QI2565--->HILIC-pos_QI2862,[M+NH4]+,17.939900000000023,0.09392555381090872,HILIC-pos_QI2565,206.0484,1.04,HILIC-pos_QI2862,223.9883,1.43,HILIC-pos
HILIC-pos_QI2740--->HILIC-pos_QI3113,[M+NH4]+,17.985199999999992,0.04862555381093969,HILIC-pos_QI2740,216.0943,0.83,HILIC-pos_QI3113,234.0795,1.04,HILIC-pos
HILIC-pos_QI2734--->HILIC-pos_QI3113,[M+NH4]+,17.9854,0.04842555381093305,HILIC-pos_QI2734,216.0941,0.88,HILIC-pos_QI3113,234.0795,1.04,HILIC-pos
HILIC-pos_QI3113--->HILIC-pos_QI3807,[M+HCOO]-,45.04329999999999,0.04509714874091486,HILIC-pos_QI3113,234.0795,1.04,HILIC-pos_QI3807,279.1228,0.96,HILIC-pos
HILIC-pos_QI3113--->HILIC-pos_QI3101,[M-H]-,-1.093999999999994,0.08672354767906398,HILIC-pos_QI3113,234.0795,1.04,HILIC-pos_QI3101,232.9855,1,HILIC-pos
HILIC-pos_QI3113--->HILIC-pos_QI3809,[M+HCOO]-,45.05770000000001,0.059497148740938144,HILIC-pos_QI3113,234.0795,1.04,HILIC-pos_QI3809,279.1372,1.02,HILIC-pos
HILIC-pos_QI2736--->HILIC-pos_QI3113,[M+NH4]+,17.9854,0.04842555381093305,HILIC-pos_QI2736,216.0941,1.03,HILIC-pos_QI3113,234.0795,1.04,HILIC-pos
HILIC-pos_QI3113--->HILIC-pos_QI4001,[M+CH3COO]-,59.07330000000002,0.05944708428094714,HILIC-pos_QI3113,234.0795,1.04,HILIC-pos_QI4001,293.1528,1.03,HILIC-pos
HILIC-pos_QI2657--->HILIC-pos_QI3113,[M+Na]+,23.07560000000001,0.08637929900907793,HILIC-pos_QI2657,211.0039,1.06,HILIC-pos_QI3113,234.0795,1.04,HILIC-pos
HILIC-pos_QI3113--->HILIC-pos_QI3733,[M+K]+,39.01089999999999,0.04774189990906308,HILIC-pos_QI3113,234.0795,1.04,HILIC-pos_QI3733,273.0904,1.07,HILIC-pos
HILIC-pos_QI3113--->HILIC-pos_QI3772,[M+CH4CN]+,41.93779999999998,0.09602555381094646,HILIC-pos_QI3113,234.0795,1.04,HILIC-pos_QI3772,276.0173,1.2,HILIC-pos
HILIC-pos_QI3113--->HILIC-pos_QI3412,[M+NH4]+,17.974099999999993,0.05972555381093869,HILIC-pos_QI3113,234.0795,1.04,HILIC-pos_QI3412,252.0536,1.33,HILIC-pos
HILIC-pos_QI6942--->HILIC-pos_QI7045,[M+Na]+,23.015300000000025,0.026079299009094115,HILIC-pos_QI6942,747.2612,0.97,HILIC-pos_QI7045,770.2765,1.04,HILIC-pos
HILIC-pos_QI6884--->HILIC-pos_QI7045,[M+K]+,39.01080000000002,0.04764189990908818,HILIC-pos_QI6884,731.2657,0.99,HILIC-pos_QI7045,770.2765,1.04,HILIC-pos
HILIC-pos_QI3807--->HILIC-pos_QI4300,[M+K]+,39.02539999999999,0.06224189990906126,HILIC-pos_QI3807,279.1228,0.96,HILIC-pos_QI4300,318.1482,1.05,HILIC-pos
HILIC-pos_QI4026--->HILIC-pos_QI4300,[M+Na]+,23.015999999999963,0.026779299009032087,HILIC-pos_QI4026,295.1322,1.01,HILIC-pos_QI4300,318.1482,1.05,HILIC-pos
HILIC-pos_QI3809--->HILIC-pos_QI4300,[M+K]+,39.01099999999997,0.04784189990903798,HILIC-pos_QI3809,279.1372,1.02,HILIC-pos_QI4300,318.1482,1.05,HILIC-pos
HILIC-pos_QI4300--->HILIC-pos_QI4781,[M+HCOO]-,45.08290000000005,0.08469714874097889,HILIC-pos_QI4300,318.1482,1.05,HILIC-pos_QI4781,363.2311,1.03,HILIC-pos
HILIC-pos_QI3733--->HILIC-pos_QI4300,[M+HCOO]-,45.057799999999986,0.05959714874091304,HILIC-pos_QI3733,273.0904,1.07,HILIC-pos_QI4300,318.1482,1.05,HILIC-pos
HILIC-pos_QI3772--->HILIC-pos_QI4300,[M+CH4CN]+,42.1309,0.09707444618906891,HILIC-pos_QI3772,276.0173,1.2,HILIC-pos_QI4300,318.1482,1.05,HILIC-pos
HILIC-pos_QI5823--->HILIC-pos_QI5954,[M+Na]+,23.016399999999976,0.027179299009045366,HILIC-pos_QI5823,514.1884,0.97,HILIC-pos_QI5954,537.2048,1.05,HILIC-pos
HILIC-pos_QI5729--->HILIC-pos_QI5954,[M+K]+,39.01089999999999,0.04774189990906308,HILIC-pos_QI5729,498.1939,1.03,HILIC-pos_QI5954,537.2048,1.05,HILIC-pos
HILIC-pos_QI1008--->HILIC-pos_QI1963,[M+CH4CN]+,42.05799999999999,0.024174446189064724,HILIC-pos_QI1008,137.0599,1.03,HILIC-pos_QI1963,179.1179,1.06,HILIC-pos
HILIC-pos_QI948--->HILIC-pos_QI1963,[M+HCOO]-,45.05769999999998,0.05949714874090972,HILIC-pos_QI948,134.0602,1.04,HILIC-pos_QI1963,179.1179,1.06,HILIC-pos
HILIC-pos_QI1440--->HILIC-pos_QI1963,[M+Na]+,23.075799999999987,0.08657929900905614,HILIC-pos_QI1440,156.0421,1.04,HILIC-pos_QI1963,179.1179,1.06,HILIC-pos
HILIC-pos_QI1963--->HILIC-pos_QI2894,[M+HCOO]-,45.083,0.08479714874092537,HILIC-pos_QI1963,179.1179,1.06,HILIC-pos_QI2894,224.2009,1.17,HILIC-pos
HILIC-pos_QI2657--->HILIC-pos_QI3472,[M+HCOO]-,45.05740000000003,0.05919714874095661,HILIC-pos_QI2657,211.0039,1.06,HILIC-pos_QI3472,256.0613,1.01,HILIC-pos
HILIC-pos_QI1353--->HILIC-pos_QI2657,[M+CH3COO]-,58.9332,0.08065291571907096,HILIC-pos_QI1353,152.0707,1.02,HILIC-pos_QI2657,211.0039,1.06,HILIC-pos
HILIC-pos_QI1660--->HILIC-pos_QI2657,[M+HCOO]-,44.91759999999999,0.08060285125907996,HILIC-pos_QI1660,166.0863,1.04,HILIC-pos_QI2657,211.0039,1.06,HILIC-pos
HILIC-pos_QI2657--->HILIC-pos_QI3113,[M+Na]+,23.07560000000001,0.08637929900907793,HILIC-pos_QI2657,211.0039,1.06,HILIC-pos_QI3113,234.0795,1.04,HILIC-pos
HILIC-pos_QI1900--->HILIC-pos_QI2657,[M+Cl]-,35.0025,0.03309874009092795,HILIC-pos_QI1900,176.0014,1.17,HILIC-pos_QI2657,211.0039,1.06,HILIC-pos
HILIC-pos_QI2657--->HILIC-pos_QI3679,[M+CH3COO]-,59.06020000000001,0.04634708428093859,HILIC-pos_QI2657,211.0039,1.06,HILIC-pos_QI3679,270.0641,1.25,HILIC-pos
HILIC-pos_QI3838--->HILIC-pos_QI4143,[M+Na]+,23.016099999999994,0.02687929900906383,HILIC-pos_QI3838,281.1164,0.96,HILIC-pos_QI4143,304.1325,1.06,HILIC-pos
HILIC-pos_QI4157--->HILIC-pos_QI4143,[M-H]-,-1.020399999999995,0.013123547679064984,HILIC-pos_QI4157,305.1529,0.98,HILIC-pos_QI4143,304.1325,1.06,HILIC-pos
HILIC-pos_QI3839--->HILIC-pos_QI4143,[M+Na]+,22.999500000000012,0.0102792990090812,HILIC-pos_QI3839,281.133,1.01,HILIC-pos_QI4143,304.1325,1.06,HILIC-pos
HILIC-pos_QI3604--->HILIC-pos_QI4143,[M+K]+,39.01089999999999,0.04774189990906308,HILIC-pos_QI3604,265.1216,1.02,HILIC-pos_QI4143,304.1325,1.06,HILIC-pos
HILIC-pos_QI4143--->HILIC-pos_QI4781,[M+CH3COO]-,59.09860000000003,0.08474708428096278,HILIC-pos_QI4143,304.1325,1.06,HILIC-pos_QI4781,363.2311,1.03,HILIC-pos
HILIC-pos_QI3834--->HILIC-pos_QI4143,[M+Na]+,23.07589999999999,0.08667929900905946,HILIC-pos_QI3834,281.0566,1.09,HILIC-pos_QI4143,304.1325,1.06,HILIC-pos
HILIC-pos_QI4143--->HILIC-pos_QI4353,[M+NH4]+,18.01060000000001,0.02322555381092073,HILIC-pos_QI4143,304.1325,1.06,HILIC-pos_QI4353,322.1431,1.18,HILIC-pos
HILIC-pos_QI4143--->HILIC-pos_QI4156,M+1,0.9841000000000122,0.019254837799987712,HILIC-pos_QI4143,304.1325,1.06,HILIC-pos_QI4156,305.1166,1.25,HILIC-pos
HILIC-pos_QI3673--->HILIC-pos_QI4143,[M+Cl]-,34.90620000000001,0.06320125990905723,HILIC-pos_QI3673,269.2263,1.54,HILIC-pos_QI4143,304.1325,1.06,HILIC-pos
HILIC-pos_QI1262--->HILIC-pos_QI2204,[M+CH4CN]+,41.94120000000001,0.09262555381091886,HILIC-pos_QI1262,148.0758,1.04,HILIC-pos_QI2204,190.017,1.07,HILIC-pos
HILIC-pos_QI2204--->HILIC-pos_QI3075,[M+CH4CN]+,42.010400000000004,0.023425553810923816,HILIC-pos_QI2204,190.017,1.07,HILIC-pos_QI3075,232.0274,1.1,HILIC-pos
HILIC-pos_QI3113--->HILIC-pos_QI3733,[M+K]+,39.01089999999999,0.04774189990906308,HILIC-pos_QI3113,234.0795,1.04,HILIC-pos_QI3733,273.0904,1.07,HILIC-pos
HILIC-pos_QI3733--->HILIC-pos_QI4300,[M+HCOO]-,45.057799999999986,0.05959714874091304,HILIC-pos_QI3733,273.0904,1.07,HILIC-pos_QI4300,318.1482,1.05,HILIC-pos
HILIC-pos_QI3733--->HILIC-pos_QI4266,[M+CH4CN]+,42.031499999999994,0.0023255538109339113,HILIC-pos_QI3733,273.0904,1.07,HILIC-pos_QI4266,315.1219,1.24,HILIC-pos
HILIC-pos_QI540--->HILIC-pos_QI934,[M+Na]+,23.00439999999999,0.015179299009059122,HILIC-pos_QI540,110.0605,1.08,HILIC-pos_QI934,133.0649,0.31,HILIC-pos
HILIC-pos_QI540--->HILIC-pos_QI1353,[M+CH4CN]+,42.01019999999998,0.023625553810944666,HILIC-pos_QI540,110.0605,1.08,HILIC-pos_QI1353,152.0707,1.02,HILIC-pos
HILIC-pos_QI540--->HILIC-pos_QI2848,[M+CF3COO]-,113.0142,0.028612520970924038,HILIC-pos_QI540,110.0605,1.08,HILIC-pos_QI2848,223.0747,1.02,HILIC-pos
HILIC-pos_QI540--->HILIC-pos_QI932,[M+Na]+,22.9919,0.0026792990090704905,HILIC-pos_QI540,110.0605,1.08,HILIC-pos_QI932,133.0524,1.1,HILIC-pos
HILIC-pos_QI785--->HILIC-pos_QI1624,[M+K]+,39.010699999999986,0.04754189990905644,HILIC-pos_QI785,125.06,1.02,HILIC-pos_QI1624,164.0707,1.08,HILIC-pos
HILIC-pos_QI1624--->HILIC-pos_QI2848,[M+CH3COO]-,59.00400000000002,0.009852915719051225,HILIC-pos_QI1624,164.0707,1.08,HILIC-pos_QI2848,223.0747,1.02,HILIC-pos
HILIC-pos_QI1624--->HILIC-pos_QI2565,[M+CH4CN]+,41.9777,0.05612555381092932,HILIC-pos_QI1624,164.0707,1.08,HILIC-pos_QI2565,206.0484,1.04,HILIC-pos
HILIC-pos_QI1624--->HILIC-pos_QI3787,[M+CF3COO]-,113.02660000000003,0.04101252097095198,HILIC-pos_QI1624,164.0707,1.08,HILIC-pos_QI3787,277.0973,1.1,HILIC-pos
HILIC-pos_QI1624--->HILIC-pos_QI3783,[M+CF3COO]-,113.0145,0.028912520970919786,HILIC-pos_QI1624,164.0707,1.08,HILIC-pos_QI3783,277.0852,1.19,HILIC-pos
HILIC-pos_QI3075--->HILIC-pos_QI3688,[M+K]+,39.0111,0.04794189990906972,HILIC-pos_QI3075,232.0274,1.1,HILIC-pos_QI3688,271.0385,1.09,HILIC-pos
HILIC-pos_QI3679--->HILIC-pos_QI3688,M+1,0.9744000000000028,0.02895483779999708,HILIC-pos_QI3679,270.0641,1.25,HILIC-pos_QI3688,271.0385,1.09,HILIC-pos
HILIC-pos_QI3834--->HILIC-pos_QI3820,[M-H]-,-1.008199999999988,0.00092354767905789,HILIC-pos_QI3834,281.0566,1.09,HILIC-pos_QI3820,280.0484,0.99,HILIC-pos
HILIC-pos_QI3834--->HILIC-pos_QI4143,[M+Na]+,23.07589999999999,0.08667929900905946,HILIC-pos_QI3834,281.0566,1.09,HILIC-pos_QI4143,304.1325,1.06,HILIC-pos
HILIC-pos_QI3834--->HILIC-pos_QI4066,[M+NH4]+,18.070600000000013,0.036774446189081544,HILIC-pos_QI3834,281.0566,1.09,HILIC-pos_QI4066,299.1272,1.17,HILIC-pos
HILIC-pos_QI381--->HILIC-pos_QI932,[M+K]+,39.01050000000001,0.04734189990907822,HILIC-pos_QI381,94.0419,0.32,HILIC-pos_QI932,133.0524,1.1,HILIC-pos
HILIC-pos_QI948--->HILIC-pos_QI932,[M-H]-,-1.0078000000000031,0.0005235476790730331,HILIC-pos_QI948,134.0602,1.04,HILIC-pos_QI932,133.0524,1.1,HILIC-pos
HILIC-pos_QI932--->HILIC-pos_QI1440,[M+Na]+,22.9897,0.0004792990090685123,HILIC-pos_QI932,133.0524,1.1,HILIC-pos_QI1440,156.0421,1.04,HILIC-pos
HILIC-pos_QI540--->HILIC-pos_QI932,[M+Na]+,22.9919,0.0026792990090704905,HILIC-pos_QI540,110.0605,1.08,HILIC-pos_QI932,133.0524,1.1,HILIC-pos
HILIC-pos_QI538--->HILIC-pos_QI932,[M+Na]+,22.9919,0.0026792990090704905,HILIC-pos_QI538,110.0605,1.42,HILIC-pos_QI932,133.0524,1.1,HILIC-pos
HILIC-pos_QI3075--->HILIC-pos_QI3101,M+1,0.9581000000000017,0.04525483779999817,HILIC-pos_QI3075,232.0274,1.1,HILIC-pos_QI3101,232.9855,1,HILIC-pos
HILIC-pos_QI2204--->HILIC-pos_QI3075,[M+CH4CN]+,42.010400000000004,0.023425553810923816,HILIC-pos_QI2204,190.017,1.07,HILIC-pos_QI3075,232.0274,1.1,HILIC-pos
HILIC-pos_QI3075--->HILIC-pos_QI3688,[M+K]+,39.0111,0.04794189990906972,HILIC-pos_QI3075,232.0274,1.1,HILIC-pos_QI3688,271.0385,1.09,HILIC-pos
HILIC-pos_QI3075--->HILIC-pos_QI3787,[M+HCOO]-,45.06990000000002,0.07169714874094524,HILIC-pos_QI3075,232.0274,1.1,HILIC-pos_QI3787,277.0973,1.1,HILIC-pos
HILIC-pos_QI3075--->HILIC-pos_QI3783,[M+HCOO]-,45.057799999999986,0.05959714874091304,HILIC-pos_QI3075,232.0274,1.1,HILIC-pos_QI3783,277.0852,1.19,HILIC-pos
HILIC-pos_QI2205--->HILIC-pos_QI3075,[M+CH4CN]+,42.010400000000004,0.023425553810923816,HILIC-pos_QI2205,190.017,1.42,HILIC-pos_QI3075,232.0274,1.1,HILIC-pos
HILIC-pos_QI3436--->HILIC-pos_QI3787,[M+Na]+,23.088000000000022,0.09877929900909166,HILIC-pos_QI3436,254.0093,1.1,HILIC-pos_QI3787,277.0973,1.1,HILIC-pos
HILIC-pos_QI3436--->HILIC-pos_QI3783,[M+Na]+,23.07589999999999,0.08667929900905946,HILIC-pos_QI3436,254.0093,1.1,HILIC-pos_QI3783,277.0852,1.19,HILIC-pos
HILIC-pos_QI3787--->HILIC-pos_QI4026,[M+NH4]+,18.034899999999993,0.0010744461890617174,HILIC-pos_QI3787,277.0973,1.1,HILIC-pos_QI4026,295.1322,1.01,HILIC-pos
HILIC-pos_QI1624--->HILIC-pos_QI3787,[M+CF3COO]-,113.02660000000003,0.04101252097095198,HILIC-pos_QI1624,164.0707,1.08,HILIC-pos_QI3787,277.0973,1.1,HILIC-pos
HILIC-pos_QI3075--->HILIC-pos_QI3787,[M+HCOO]-,45.06990000000002,0.07169714874094524,HILIC-pos_QI3075,232.0274,1.1,HILIC-pos_QI3787,277.0973,1.1,HILIC-pos
HILIC-pos_QI3436--->HILIC-pos_QI3787,[M+Na]+,23.088000000000022,0.09877929900909166,HILIC-pos_QI3436,254.0093,1.1,HILIC-pos_QI3787,277.0973,1.1,HILIC-pos
HILIC-pos_QI3437--->HILIC-pos_QI3787,[M+Na]+,23.02800000000002,0.038779299009089385,HILIC-pos_QI3437,254.0693,1.18,HILIC-pos_QI3787,277.0973,1.1,HILIC-pos
HILIC-pos_QI3787--->HILIC-pos_QI4353,[M+HCOO]-,45.045799999999986,0.04759714874091259,HILIC-pos_QI3787,277.0973,1.1,HILIC-pos_QI4353,322.1431,1.18,HILIC-pos
HILIC-pos_QI3787--->HILIC-pos_QI3772,[M-H]-,-1.080000000000041,0.07272354767911082,HILIC-pos_QI3787,277.0973,1.1,HILIC-pos_QI3772,276.0173,1.2,HILIC-pos
HILIC-pos_QI4853--->HILIC-pos_QI5042,[M+Na]+,23.021599999999978,0.03237929900904746,HILIC-pos_QI4853,369.3517,1.1,HILIC-pos_QI5042,392.3733,1.17,HILIC-pos
HILIC-pos_QI4853--->HILIC-pos_QI5150,[M+K]+,39.01659999999998,0.05344189990905335,HILIC-pos_QI4853,369.3517,1.1,HILIC-pos_QI5150,408.3683,1.28,HILIC-pos
HILIC-pos_QI4853--->HILIC-pos_QI5189,[M+HCOO]-,44.94870000000003,0.0495028512590423,HILIC-pos_QI4853,369.3517,1.1,HILIC-pos_QI5189,414.3004,1.36,HILIC-pos
HILIC-pos_QI4709--->HILIC-pos_QI5562,[M+CF3COO]-,113.0358,0.05021252097091633,HILIC-pos_QI4709,355.2633,1.32,HILIC-pos_QI5562,468.2991,1.1,HILIC-pos
HILIC-pos_QI1008--->HILIC-pos_QI1900,[M+K]+,38.94149999999999,0.021658100090938603,HILIC-pos_QI1008,137.0599,1.03,HILIC-pos_QI1900,176.0014,1.17,HILIC-pos
HILIC-pos_QI948--->HILIC-pos_QI1900,[M+CH4CN]+,41.94119999999998,0.09262555381094728,HILIC-pos_QI948,134.0602,1.04,HILIC-pos_QI1900,176.0014,1.17,HILIC-pos
HILIC-pos_QI1900--->HILIC-pos_QI2657,[M+Cl]-,35.0025,0.03309874009092795,HILIC-pos_QI1900,176.0014,1.17,HILIC-pos_QI2657,211.0039,1.06,HILIC-pos
HILIC-pos_QI1963--->HILIC-pos_QI2894,[M+HCOO]-,45.083,0.08479714874092537,HILIC-pos_QI1963,179.1179,1.06,HILIC-pos_QI2894,224.2009,1.17,HILIC-pos
HILIC-pos_QI2894--->HILIC-pos_QI3673,[M+HCOO]-,45.02539999999999,0.0271971487409175,HILIC-pos_QI2894,224.2009,1.17,HILIC-pos_QI3673,269.2263,1.54,HILIC-pos
HILIC-pos_QI3838--->HILIC-pos_QI4066,[M+NH4]+,18.010800000000017,0.02302555381091409,HILIC-pos_QI3838,281.1164,0.96,HILIC-pos_QI4066,299.1272,1.17,HILIC-pos
HILIC-pos_QI3839--->HILIC-pos_QI4066,[M+NH4]+,17.994200000000035,0.03962555381089672,HILIC-pos_QI3839,281.133,1.01,HILIC-pos_QI4066,299.1272,1.17,HILIC-pos
HILIC-pos_QI3834--->HILIC-pos_QI4066,[M+NH4]+,18.070600000000013,0.036774446189081544,HILIC-pos_QI3834,281.0566,1.09,HILIC-pos_QI4066,299.1272,1.17,HILIC-pos
HILIC-pos_QI3437--->HILIC-pos_QI4066,[M+HCOO]-,45.05790000000002,0.05969714874094478,HILIC-pos_QI3437,254.0693,1.18,HILIC-pos_QI4066,299.1272,1.17,HILIC-pos
HILIC-pos_QI4066--->HILIC-pos_QI4353,[M+Na]+,23.015899999999988,0.02667929900905719,HILIC-pos_QI4066,299.1272,1.17,HILIC-pos_QI4353,322.1431,1.18,HILIC-pos
HILIC-pos_QI3219--->HILIC-pos_QI4066,[M+CH3COO]-,59.07360000000003,0.0597470842809571,HILIC-pos_QI3219,240.0536,1.2,HILIC-pos_QI4066,299.1272,1.17,HILIC-pos
HILIC-pos_QI4066--->HILIC-pos_QI4736,[M+CH3COO]-,59.11359999999996,0.0997470842808923,HILIC-pos_QI4066,299.1272,1.17,HILIC-pos_QI4736,358.2408,1.4,HILIC-pos
HILIC-pos_QI4339--->HILIC-pos_QI4709,[M+Cl]-,34.947400000000016,0.022001259909053772,HILIC-pos_QI4339,320.3159,1.17,HILIC-pos_QI4709,355.2633,1.32,HILIC-pos
HILIC-pos_QI4853--->HILIC-pos_QI5042,[M+Na]+,23.021599999999978,0.03237929900904746,HILIC-pos_QI4853,369.3517,1.1,HILIC-pos_QI5042,392.3733,1.17,HILIC-pos
HILIC-pos_QI4670--->HILIC-pos_QI5042,[M+CH4CN]+,42.04679999999996,0.012974446189033984,HILIC-pos_QI4670,350.3265,1.2,HILIC-pos_QI5042,392.3733,1.17,HILIC-pos
HILIC-pos_QI5593--->HILIC-pos_QI5586,[M-H]-,-1.0316000000000258,0.024323547679095725,HILIC-pos_QI5593,473.362,1.17,HILIC-pos_QI5586,472.3304,1.19,HILIC-pos
HILIC-pos_QI5189--->HILIC-pos_QI5593,[M+CH3COO]-,59.0616,0.04774708428092822,HILIC-pos_QI5189,414.3004,1.36,HILIC-pos_QI5593,473.362,1.17,HILIC-pos
HILIC-pos_QI5593--->HILIC-pos_QI5808,[M+K]+,38.90579999999994,0.05735810009098685,HILIC-pos_QI5593,473.362,1.17,HILIC-pos_QI5808,512.2678,1.37,HILIC-pos
HILIC-pos_QI5366--->HILIC-pos_QI5593,[M+Cl]-,35.06400000000002,0.0945987400909516,HILIC-pos_QI5366,438.298,1.44,HILIC-pos_QI5593,473.362,1.17,HILIC-pos
HILIC-pos_QI3437--->HILIC-pos_QI3787,[M+Na]+,23.02800000000002,0.038779299009089385,HILIC-pos_QI3437,254.0693,1.18,HILIC-pos_QI3787,277.0973,1.1,HILIC-pos
HILIC-pos_QI3437--->HILIC-pos_QI4066,[M+HCOO]-,45.05790000000002,0.05969714874094478,HILIC-pos_QI3437,254.0693,1.18,HILIC-pos_QI4066,299.1272,1.17,HILIC-pos
HILIC-pos_QI3437--->HILIC-pos_QI3783,[M+Na]+,23.015899999999988,0.02667929900905719,HILIC-pos_QI3437,254.0693,1.18,HILIC-pos_QI3783,277.0852,1.19,HILIC-pos
HILIC-pos_QI3820--->HILIC-pos_QI4353,[M+CH4CN]+,42.09469999999999,0.060874446189060905,HILIC-pos_QI3820,280.0484,0.99,HILIC-pos_QI4353,322.1431,1.18,HILIC-pos
HILIC-pos_QI4143--->HILIC-pos_QI4353,[M+NH4]+,18.01060000000001,0.02322555381092073,HILIC-pos_QI4143,304.1325,1.06,HILIC-pos_QI4353,322.1431,1.18,HILIC-pos
HILIC-pos_QI3787--->HILIC-pos_QI4353,[M+HCOO]-,45.045799999999986,0.04759714874091259,HILIC-pos_QI3787,277.0973,1.1,HILIC-pos_QI4353,322.1431,1.18,HILIC-pos
HILIC-pos_QI4066--->HILIC-pos_QI4353,[M+Na]+,23.015899999999988,0.02667929900905719,HILIC-pos_QI4066,299.1272,1.17,HILIC-pos_QI4353,322.1431,1.18,HILIC-pos
HILIC-pos_QI3783--->HILIC-pos_QI4353,[M+HCOO]-,45.05790000000002,0.05969714874094478,HILIC-pos_QI3783,277.0852,1.19,HILIC-pos_QI4353,322.1431,1.18,HILIC-pos
HILIC-pos_QI5348--->HILIC-pos_QI5498,[M+Na]+,22.946399999999983,0.04282070099094781,HILIC-pos_QI5348,436.3422,0.35,HILIC-pos_QI5498,459.2886,1.18,HILIC-pos
HILIC-pos_QI5498--->HILIC-pos_QI5729,[M+K]+,38.90530000000001,0.057858100090918185,HILIC-pos_QI5498,459.2886,1.18,HILIC-pos_QI5729,498.1939,1.03,HILIC-pos
HILIC-pos_QI5189--->HILIC-pos_QI5498,[M+HCOO]-,44.98819999999995,0.010002851259123702,HILIC-pos_QI5189,414.3004,1.36,HILIC-pos_QI5498,459.2886,1.18,HILIC-pos
HILIC-pos_QI5347--->HILIC-pos_QI5498,[M+Na]+,23.00619999999998,0.01697929900904782,HILIC-pos_QI5347,436.2824,1.36,HILIC-pos_QI5498,459.2886,1.18,HILIC-pos
HILIC-pos_QI5586--->HILIC-pos_QI5839,[M+HCOO]-,45.057799999999986,0.05959714874091304,HILIC-pos_QI5586,472.3304,1.19,HILIC-pos_QI5839,517.3882,1.18,HILIC-pos
HILIC-pos_QI5839--->HILIC-pos_QI5836,[M-H]-,-1.0313999999999623,0.024123547679032242,HILIC-pos_QI5839,517.3882,1.18,HILIC-pos_QI5836,516.3568,1.26,HILIC-pos
HILIC-pos_QI6719--->HILIC-pos_QI6884,[M+K]+,38.90560000000005,0.057558100090879805,HILIC-pos_QI6719,692.3601,1.18,HILIC-pos_QI6884,731.2657,0.99,HILIC-pos
HILIC-pos_QI3783--->HILIC-pos_QI4026,[M+NH4]+,18.047000000000025,0.013174446189093914,HILIC-pos_QI3783,277.0852,1.19,HILIC-pos_QI4026,295.1322,1.01,HILIC-pos
HILIC-pos_QI1624--->HILIC-pos_QI3783,[M+CF3COO]-,113.0145,0.028912520970919786,HILIC-pos_QI1624,164.0707,1.08,HILIC-pos_QI3783,277.0852,1.19,HILIC-pos
HILIC-pos_QI3075--->HILIC-pos_QI3783,[M+HCOO]-,45.057799999999986,0.05959714874091304,HILIC-pos_QI3075,232.0274,1.1,HILIC-pos_QI3783,277.0852,1.19,HILIC-pos
HILIC-pos_QI3436--->HILIC-pos_QI3783,[M+Na]+,23.07589999999999,0.08667929900905946,HILIC-pos_QI3436,254.0093,1.1,HILIC-pos_QI3783,277.0852,1.19,HILIC-pos
HILIC-pos_QI3437--->HILIC-pos_QI3783,[M+Na]+,23.015899999999988,0.02667929900905719,HILIC-pos_QI3437,254.0693,1.18,HILIC-pos_QI3783,277.0852,1.19,HILIC-pos
HILIC-pos_QI3783--->HILIC-pos_QI4353,[M+HCOO]-,45.05790000000002,0.05969714874094478,HILIC-pos_QI3783,277.0852,1.19,HILIC-pos_QI4353,322.1431,1.18,HILIC-pos
HILIC-pos_QI3783--->HILIC-pos_QI3772,[M-H]-,-1.0679000000000087,0.060623547679078627,HILIC-pos_QI3783,277.0852,1.19,HILIC-pos_QI3772,276.0173,1.2,HILIC-pos
HILIC-pos_QI3219--->HILIC-pos_QI3891,[M+HCOO]-,45.05789999999999,0.05969714874091636,HILIC-pos_QI3219,240.0536,1.2,HILIC-pos_QI3891,285.1115,1.19,HILIC-pos
HILIC-pos_QI3268--->HILIC-pos_QI3891,[M+CH4CN]+,42.10919999999999,0.07537444618905909,HILIC-pos_QI3268,243.0023,1.26,HILIC-pos_QI3891,285.1115,1.19,HILIC-pos
HILIC-pos_QI5593--->HILIC-pos_QI5586,[M-H]-,-1.0316000000000258,0.024323547679095725,HILIC-pos_QI5593,473.362,1.17,HILIC-pos_QI5586,472.3304,1.19,HILIC-pos
HILIC-pos_QI5586--->HILIC-pos_QI5839,[M+HCOO]-,45.057799999999986,0.05959714874091304,HILIC-pos_QI5586,472.3304,1.19,HILIC-pos_QI5839,517.3882,1.18,HILIC-pos
HILIC-pos_QI5471--->HILIC-pos_QI5586,[M+NH4]+,18.058400000000006,0.02457444618907445,HILIC-pos_QI5471,454.272,1.44,HILIC-pos_QI5586,472.3304,1.19,HILIC-pos
HILIC-pos_QI826--->HILIC-pos_QI3219,[M+CF3COO]-,112.94169999999998,0.04388747902909529,HILIC-pos_QI826,127.1119,0.32,HILIC-pos_QI3219,240.0536,1.2,HILIC-pos
HILIC-pos_QI3219--->HILIC-pos_QI3885,[M+HCOO]-,44.989100000000036,0.009102851259036981,HILIC-pos_QI3219,240.0536,1.2,HILIC-pos_QI3885,285.0427,0.97,HILIC-pos
HILIC-pos_QI822--->HILIC-pos_QI3219,[M+CF3COO]-,113.01419999999999,0.028612520970909827,HILIC-pos_QI822,127.0394,1.03,HILIC-pos_QI3219,240.0536,1.2,HILIC-pos
HILIC-pos_QI3219--->HILIC-pos_QI4066,[M+CH3COO]-,59.07360000000003,0.0597470842809571,HILIC-pos_QI3219,240.0536,1.2,HILIC-pos_QI4066,299.1272,1.17,HILIC-pos
HILIC-pos_QI3219--->HILIC-pos_QI3891,[M+HCOO]-,45.05789999999999,0.05969714874091636,HILIC-pos_QI3219,240.0536,1.2,HILIC-pos_QI3891,285.1115,1.19,HILIC-pos
HILIC-pos_QI820--->HILIC-pos_QI3219,[M+CF3COO]-,113.0144,0.028812520970916466,HILIC-pos_QI820,127.0392,1.38,HILIC-pos_QI3219,240.0536,1.2,HILIC-pos
HILIC-pos_QI3113--->HILIC-pos_QI3772,[M+CH4CN]+,41.93779999999998,0.09602555381094646,HILIC-pos_QI3113,234.0795,1.04,HILIC-pos_QI3772,276.0173,1.2,HILIC-pos
HILIC-pos_QI3772--->HILIC-pos_QI4300,[M+CH4CN]+,42.1309,0.09707444618906891,HILIC-pos_QI3772,276.0173,1.2,HILIC-pos_QI4300,318.1482,1.05,HILIC-pos
HILIC-pos_QI3787--->HILIC-pos_QI3772,[M-H]-,-1.080000000000041,0.07272354767911082,HILIC-pos_QI3787,277.0973,1.1,HILIC-pos_QI3772,276.0173,1.2,HILIC-pos
HILIC-pos_QI3783--->HILIC-pos_QI3772,[M-H]-,-1.0679000000000087,0.060623547679078627,HILIC-pos_QI3783,277.0852,1.19,HILIC-pos_QI3772,276.0173,1.2,HILIC-pos
HILIC-pos_QI4283--->HILIC-pos_QI4709,[M+K]+,39.0,0.03684189990907072,HILIC-pos_QI4283,316.2633,1.2,HILIC-pos_QI4709,355.2633,1.32,HILIC-pos
HILIC-pos_QI4283--->HILIC-pos_QI4736,[M+CH4CN]+,41.977499999999964,0.05632555381096438,HILIC-pos_QI4283,316.2633,1.2,HILIC-pos_QI4736,358.2408,1.4,HILIC-pos
HILIC-pos_QI4670--->HILIC-pos_QI5042,[M+CH4CN]+,42.04679999999996,0.012974446189033984,HILIC-pos_QI4670,350.3265,1.2,HILIC-pos_QI5042,392.3733,1.17,HILIC-pos
HILIC-pos_QI5407--->HILIC-pos_QI5689,[M+HCOO]-,45.05780000000004,0.059597148740969885,HILIC-pos_QI5407,444.299,1.2,HILIC-pos_QI5689,489.3568,1.2,HILIC-pos
HILIC-pos_QI5407--->HILIC-pos_QI5689,[M+HCOO]-,45.05780000000004,0.059597148740969885,HILIC-pos_QI5407,444.299,1.2,HILIC-pos_QI5689,489.3568,1.2,HILIC-pos
HILIC-pos_QI5689--->HILIC-pos_QI5683,[M-H]-,-1.031499999999994,0.024223547679063984,HILIC-pos_QI5689,489.3568,1.2,HILIC-pos_QI5683,488.3253,1.28,HILIC-pos
HILIC-pos_QI5689--->HILIC-pos_QI5808,[M+Na]+,22.910999999999945,0.0782207009909861,HILIC-pos_QI5689,489.3568,1.2,HILIC-pos_QI5808,512.2678,1.37,HILIC-pos
HILIC-pos_QI4042--->HILIC-pos_QI4266,[M+NH4]+,18.010400000000004,0.02342555381092737,HILIC-pos_QI4042,297.1115,0.97,HILIC-pos_QI4266,315.1219,1.24,HILIC-pos
HILIC-pos_QI4266--->HILIC-pos_QI4695,[M+K]+,38.9787,0.015541899909074175,HILIC-pos_QI4266,315.1219,1.24,HILIC-pos_QI4695,354.1006,1,HILIC-pos
HILIC-pos_QI3472--->HILIC-pos_QI4266,[M+CH3COO]-,59.060599999999965,0.046747084280895024,HILIC-pos_QI3472,256.0613,1.01,HILIC-pos_QI4266,315.1219,1.24,HILIC-pos
HILIC-pos_QI4266--->HILIC-pos_QI5273,[M+CF3COO]-,112.9939,0.008312520970918058,HILIC-pos_QI4266,315.1219,1.24,HILIC-pos_QI5273,428.1158,1.01,HILIC-pos
HILIC-pos_QI3733--->HILIC-pos_QI4266,[M+CH4CN]+,42.031499999999994,0.0023255538109339113,HILIC-pos_QI3733,273.0904,1.07,HILIC-pos_QI4266,315.1219,1.24,HILIC-pos
HILIC-pos_QI3679--->HILIC-pos_QI4266,[M+HCOO]-,45.057799999999986,0.05959714874091304,HILIC-pos_QI3679,270.0641,1.25,HILIC-pos_QI4266,315.1219,1.24,HILIC-pos
HILIC-pos_QI4266--->HILIC-pos_QI4659,[M+Cl]-,35.05250000000001,0.08309874009093932,HILIC-pos_QI4266,315.1219,1.24,HILIC-pos_QI4659,350.1744,1.26,HILIC-pos
HILIC-pos_QI5208--->HILIC-pos_QI5513,[M+HCOO]-,44.988200000000006,0.010002851259066858,HILIC-pos_QI5208,416.3159,1.44,HILIC-pos_QI5513,461.3041,1.24,HILIC-pos
HILIC-pos_QI5366--->HILIC-pos_QI5513,[M+Na]+,23.006100000000004,0.016879299009072923,HILIC-pos_QI5366,438.298,1.44,HILIC-pos_QI5513,461.3041,1.24,HILIC-pos
HILIC-pos_QI6685--->HILIC-pos_QI6751,[M+NH4]+,18.010899999999992,0.022925553810939192,HILIC-pos_QI6685,682.5612,1.24,HILIC-pos_QI6751,700.5721,1.24,HILIC-pos
HILIC-pos_QI6621--->HILIC-pos_QI6685,[M+NH4]+,17.95889999999997,0.07492555381096011,HILIC-pos_QI6621,664.6023,1.54,HILIC-pos_QI6685,682.5612,1.24,HILIC-pos
HILIC-pos_QI6685--->HILIC-pos_QI6856,[M+CH4CN]+,42.08389999999997,0.05007444618904344,HILIC-pos_QI6685,682.5612,1.24,HILIC-pos_QI6856,724.6451,1.54,HILIC-pos
HILIC-pos_QI6685--->HILIC-pos_QI6751,[M+NH4]+,18.010899999999992,0.022925553810939192,HILIC-pos_QI6685,682.5612,1.24,HILIC-pos_QI6751,700.5721,1.24,HILIC-pos
HILIC-pos_QI6688--->HILIC-pos_QI6751,[M+NH4]+,17.973899999999958,0.05992555381097375,HILIC-pos_QI6688,682.5982,1.54,HILIC-pos_QI6751,700.5721,1.24,HILIC-pos
HILIC-pos_QI7090--->HILIC-pos_QI7186,[M+NH4]+,18.1318,0.09797444618906681,HILIC-pos_QI7090,780.5287,1.24,HILIC-pos_QI7186,798.6605,1.52,HILIC-pos
HILIC-pos_QI3679--->HILIC-pos_QI4001,[M+Na]+,23.088700000000017,0.09947929900908647,HILIC-pos_QI3679,270.0641,1.25,HILIC-pos_QI4001,293.1528,1.03,HILIC-pos
HILIC-pos_QI2657--->HILIC-pos_QI3679,[M+CH3COO]-,59.06020000000001,0.04634708428093859,HILIC-pos_QI2657,211.0039,1.06,HILIC-pos_QI3679,270.0641,1.25,HILIC-pos
HILIC-pos_QI3679--->HILIC-pos_QI3688,M+1,0.9744000000000028,0.02895483779999708,HILIC-pos_QI3679,270.0641,1.25,HILIC-pos_QI3688,271.0385,1.09,HILIC-pos
HILIC-pos_QI3679--->HILIC-pos_QI4266,[M+HCOO]-,45.057799999999986,0.05959714874091304,HILIC-pos_QI3679,270.0641,1.25,HILIC-pos_QI4266,315.1219,1.24,HILIC-pos
HILIC-pos_QI3679--->HILIC-pos_QI4156,[M+Cl]-,35.05250000000001,0.08309874009093932,HILIC-pos_QI3679,270.0641,1.25,HILIC-pos_QI4156,305.1166,1.25,HILIC-pos
HILIC-pos_QI3412--->HILIC-pos_QI3679,[M+NH4]+,18.010500000000008,0.02332555381092405,HILIC-pos_QI3412,252.0536,1.33,HILIC-pos_QI3679,270.0641,1.25,HILIC-pos
HILIC-pos_QI4143--->HILIC-pos_QI4156,M+1,0.9841000000000122,0.019254837799987712,HILIC-pos_QI4143,304.1325,1.06,HILIC-pos_QI4156,305.1166,1.25,HILIC-pos
HILIC-pos_QI3679--->HILIC-pos_QI4156,[M+Cl]-,35.05250000000001,0.08309874009093932,HILIC-pos_QI3679,270.0641,1.25,HILIC-pos_QI4156,305.1166,1.25,HILIC-pos
HILIC-pos_QI4156--->HILIC-pos_QI4659,[M+HCOO]-,45.057799999999986,0.05959714874091304,HILIC-pos_QI4156,305.1166,1.25,HILIC-pos_QI4659,350.1744,1.26,HILIC-pos
HILIC-pos_QI3268--->HILIC-pos_QI3885,[M+CH4CN]+,42.040400000000034,0.006574446189105743,HILIC-pos_QI3268,243.0023,1.26,HILIC-pos_QI3885,285.0427,0.97,HILIC-pos
HILIC-pos_QI3268--->HILIC-pos_QI3891,[M+CH4CN]+,42.10919999999999,0.07537444618905909,HILIC-pos_QI3268,243.0023,1.26,HILIC-pos_QI3891,285.1115,1.19,HILIC-pos
HILIC-pos_QI2444--->HILIC-pos_QI3268,[M+CH4CN]+,42.029799999999994,0.004025553810933502,HILIC-pos_QI2444,200.9725,1.42,HILIC-pos_QI3268,243.0023,1.26,HILIC-pos
HILIC-pos_QI4157--->HILIC-pos_QI4659,[M+HCOO]-,45.0215,0.02329714874093014,HILIC-pos_QI4157,305.1529,0.98,HILIC-pos_QI4659,350.1744,1.26,HILIC-pos
HILIC-pos_QI4266--->HILIC-pos_QI4659,[M+Cl]-,35.05250000000001,0.08309874009093932,HILIC-pos_QI4266,315.1219,1.24,HILIC-pos_QI4659,350.1744,1.26,HILIC-pos
HILIC-pos_QI4156--->HILIC-pos_QI4659,[M+HCOO]-,45.057799999999986,0.05959714874091304,HILIC-pos_QI4156,305.1166,1.25,HILIC-pos_QI4659,350.1744,1.26,HILIC-pos
HILIC-pos_QI5839--->HILIC-pos_QI5836,[M-H]-,-1.0313999999999623,0.024123547679032242,HILIC-pos_QI5839,517.3882,1.18,HILIC-pos_QI5836,516.3568,1.26,HILIC-pos
HILIC-pos_QI5836--->HILIC-pos_QI6097,[M+HCOO]-,45.057500000000005,0.059297148740931505,HILIC-pos_QI5836,516.3568,1.26,HILIC-pos_QI6097,561.4143,1.27,HILIC-pos
HILIC-pos_QI5711--->HILIC-pos_QI5836,[M+Na]+,22.931200000000047,0.05802070099088397,HILIC-pos_QI5711,493.4256,1.54,HILIC-pos_QI5836,516.3568,1.26,HILIC-pos
HILIC-pos_QI5836--->HILIC-pos_QI6097,[M+HCOO]-,45.057500000000005,0.059297148740931505,HILIC-pos_QI5836,516.3568,1.26,HILIC-pos_QI6097,561.4143,1.27,HILIC-pos
HILIC-pos_QI6731--->HILIC-pos_QI6817,[M+NH4]+,18.010800000000017,0.02302555381091409,HILIC-pos_QI6731,696.5405,1.29,HILIC-pos_QI6817,714.5513,1.27,HILIC-pos
HILIC-pos_QI6817--->HILIC-pos_QI6888,[M+NH4]+,18.062599999999975,0.028774446189043346,HILIC-pos_QI6817,714.5513,1.27,HILIC-pos_QI6888,732.6139,1.54,HILIC-pos
HILIC-pos_QI826--->HILIC-pos_QI808,[M-H]-,-1.0567000000000064,0.04942354767907631,HILIC-pos_QI826,127.1119,0.32,HILIC-pos_QI808,126.0552,1.28,HILIC-pos
HILIC-pos_QI808--->HILIC-pos_QI2125,[M+CH3COO]-,58.930400000000006,0.08345291571906444,HILIC-pos_QI808,126.0552,1.28,HILIC-pos_QI2125,184.9856,0.38,HILIC-pos
HILIC-pos_QI808--->HILIC-pos_QI1801,[M+HCOO]-,45.04629999999999,0.048097148740914974,HILIC-pos_QI808,126.0552,1.28,HILIC-pos_QI1801,171.1015,0.98,HILIC-pos
HILIC-pos_QI785--->HILIC-pos_QI808,M+1,0.995199999999997,0.008154837800002923,HILIC-pos_QI785,125.06,1.02,HILIC-pos_QI808,126.0552,1.28,HILIC-pos
HILIC-pos_QI808--->HILIC-pos_QI822,M+1,0.9842000000000013,0.019154837799998603,HILIC-pos_QI808,126.0552,1.28,HILIC-pos_QI822,127.0394,1.03,HILIC-pos
HILIC-pos_QI808--->HILIC-pos_QI1784,[M+HCOO]-,44.99380000000001,0.004402851259065699,HILIC-pos_QI808,126.0552,1.28,HILIC-pos_QI1784,171.049,1.33,HILIC-pos
HILIC-pos_QI808--->HILIC-pos_QI820,M+1,0.9839999999999947,0.019354837800005242,HILIC-pos_QI808,126.0552,1.28,HILIC-pos_QI820,127.0392,1.38,HILIC-pos
HILIC-pos_QI808--->HILIC-pos_QI1802,[M+HCOO]-,45.04629999999999,0.048097148740914974,HILIC-pos_QI808,126.0552,1.28,HILIC-pos_QI1802,171.1015,1.39,HILIC-pos
HILIC-pos_QI4853--->HILIC-pos_QI5150,[M+K]+,39.01659999999998,0.05344189990905335,HILIC-pos_QI4853,369.3517,1.1,HILIC-pos_QI5150,408.3683,1.28,HILIC-pos
HILIC-pos_QI5150--->HILIC-pos_QI5560,[M+CH3COO]-,59.04150000000004,0.027647084280971512,HILIC-pos_QI5150,408.3683,1.28,HILIC-pos_QI5560,467.4098,1.54,HILIC-pos
HILIC-pos_QI5353--->HILIC-pos_QI5501,[M+Na]+,22.95830000000001,0.030920700990922256,HILIC-pos_QI5353,436.3997,1.28,HILIC-pos_QI5501,459.358,1.37,HILIC-pos
HILIC-pos_QI5226--->HILIC-pos_QI5353,[M+NH4]+,18.076900000000023,0.04307444618909173,HILIC-pos_QI5226,418.3228,1.44,HILIC-pos_QI5353,436.3997,1.28,HILIC-pos
HILIC-pos_QI5353--->HILIC-pos_QI5720,[M+CH3COO]-,59.04129999999998,0.02744708428090803,HILIC-pos_QI5353,436.3997,1.28,HILIC-pos_QI5720,495.441,1.53,HILIC-pos
HILIC-pos_QI5689--->HILIC-pos_QI5683,[M-H]-,-1.031499999999994,0.024223547679063984,HILIC-pos_QI5689,489.3568,1.2,HILIC-pos_QI5683,488.3253,1.28,HILIC-pos
HILIC-pos_QI6743--->HILIC-pos_QI6833,[M+NH4]+,18.010700000000043,0.023125553810888988,HILIC-pos_QI6743,698.5563,1.28,HILIC-pos_QI6833,716.567,1.28,HILIC-pos
HILIC-pos_QI6743--->HILIC-pos_QI6920,[M+CH4CN]+,42.12080000000003,0.0869744461891031,HILIC-pos_QI6743,698.5563,1.28,HILIC-pos_QI6920,740.6771,1.53,HILIC-pos
HILIC-pos_QI6743--->HILIC-pos_QI6833,[M+NH4]+,18.010700000000043,0.023125553810888988,HILIC-pos_QI6743,698.5563,1.28,HILIC-pos_QI6833,716.567,1.28,HILIC-pos
HILIC-pos_QI6833--->HILIC-pos_QI6895,[M+NH4]+,18.062400000000025,0.02857444618909355,HILIC-pos_QI6833,716.567,1.28,HILIC-pos_QI6895,734.6294,1.53,HILIC-pos
HILIC-pos_QI6744--->HILIC-pos_QI6833,[M+NH4]+,17.937599999999975,0.09622555381095665,HILIC-pos_QI6744,698.6294,1.54,HILIC-pos_QI6833,716.567,1.28,HILIC-pos
HILIC-pos_QI6731--->HILIC-pos_QI6817,[M+NH4]+,18.010800000000017,0.02302555381091409,HILIC-pos_QI6731,696.5405,1.29,HILIC-pos_QI6817,714.5513,1.27,HILIC-pos
HILIC-pos_QI6731--->HILIC-pos_QI6912,[M+CH4CN]+,42.12030000000004,0.08647444618911493,HILIC-pos_QI6731,696.5405,1.29,HILIC-pos_QI6912,738.6608,1.53,HILIC-pos
HILIC-pos_QI1262--->HILIC-pos_QI2066,[M+Cl]-,34.8862,0.08320125990906746,HILIC-pos_QI1262,148.0758,1.04,HILIC-pos_QI2066,182.962,1.32,HILIC-pos
HILIC-pos_QI2066--->HILIC-pos_QI2565,[M+Na]+,23.086399999999998,0.09717929900906697,HILIC-pos_QI2066,182.962,1.32,HILIC-pos_QI2565,206.0484,1.04,HILIC-pos
HILIC-pos_QI2066--->HILIC-pos_QI2444,[M+NH4]+,18.010500000000008,0.02332555381092405,HILIC-pos_QI2066,182.962,1.32,HILIC-pos_QI2444,200.9725,1.42,HILIC-pos
HILIC-pos_QI4709--->HILIC-pos_QI5562,[M+CF3COO]-,113.0358,0.05021252097091633,HILIC-pos_QI4709,355.2633,1.32,HILIC-pos_QI5562,468.2991,1.1,HILIC-pos
HILIC-pos_QI4339--->HILIC-pos_QI4709,[M+Cl]-,34.947400000000016,0.022001259909053772,HILIC-pos_QI4339,320.3159,1.17,HILIC-pos_QI4709,355.2633,1.32,HILIC-pos
HILIC-pos_QI4283--->HILIC-pos_QI4709,[M+K]+,39.0,0.03684189990907072,HILIC-pos_QI4283,316.2633,1.2,HILIC-pos_QI4709,355.2633,1.32,HILIC-pos
HILIC-pos_QI4709--->HILIC-pos_QI5189,[M+CH3COO]-,59.03710000000001,0.023247084280939134,HILIC-pos_QI4709,355.2633,1.32,HILIC-pos_QI5189,414.3004,1.36,HILIC-pos
HILIC-pos_QI1784--->HILIC-pos_QI2740,[M+HCOO]-,45.0453,0.04709714874092441,HILIC-pos_QI1784,171.049,1.33,HILIC-pos_QI2740,216.0943,0.83,HILIC-pos
HILIC-pos_QI1784--->HILIC-pos_QI2734,[M+HCOO]-,45.04509999999999,0.04689714874091777,HILIC-pos_QI1784,171.049,1.33,HILIC-pos_QI2734,216.0941,0.88,HILIC-pos
HILIC-pos_QI1784--->HILIC-pos_QI2736,[M+HCOO]-,45.04509999999999,0.04689714874091777,HILIC-pos_QI1784,171.049,1.33,HILIC-pos_QI2736,216.0941,1.03,HILIC-pos
HILIC-pos_QI1262--->HILIC-pos_QI1784,[M+Na]+,22.97320000000002,0.016020700990910797,HILIC-pos_QI1262,148.0758,1.04,HILIC-pos_QI1784,171.049,1.33,HILIC-pos
HILIC-pos_QI1784--->HILIC-pos_QI2565,[M+Cl]-,34.99939999999998,0.029998740090910303,HILIC-pos_QI1784,171.049,1.33,HILIC-pos_QI2565,206.0484,1.04,HILIC-pos
HILIC-pos_QI808--->HILIC-pos_QI1784,[M+HCOO]-,44.99380000000001,0.004402851259065699,HILIC-pos_QI808,126.0552,1.28,HILIC-pos_QI1784,171.049,1.33,HILIC-pos
HILIC-pos_QI3412--->HILIC-pos_QI4042,[M+HCOO]-,45.05789999999999,0.05969714874091636,HILIC-pos_QI3412,252.0536,1.33,HILIC-pos_QI4042,297.1115,0.97,HILIC-pos
HILIC-pos_QI3113--->HILIC-pos_QI3412,[M+NH4]+,17.974099999999993,0.05972555381093869,HILIC-pos_QI3113,234.0795,1.04,HILIC-pos_QI3412,252.0536,1.33,HILIC-pos
HILIC-pos_QI3412--->HILIC-pos_QI3679,[M+NH4]+,18.010500000000008,0.02332555381092405,HILIC-pos_QI3412,252.0536,1.33,HILIC-pos_QI3679,270.0641,1.25,HILIC-pos
HILIC-pos_QI4853--->HILIC-pos_QI5189,[M+HCOO]-,44.94870000000003,0.0495028512590423,HILIC-pos_QI4853,369.3517,1.1,HILIC-pos_QI5189,414.3004,1.36,HILIC-pos
HILIC-pos_QI5189--->HILIC-pos_QI5593,[M+CH3COO]-,59.0616,0.04774708428092822,HILIC-pos_QI5189,414.3004,1.36,HILIC-pos_QI5593,473.362,1.17,HILIC-pos
HILIC-pos_QI5189--->HILIC-pos_QI5498,[M+HCOO]-,44.98819999999995,0.010002851259123702,HILIC-pos_QI5189,414.3004,1.36,HILIC-pos_QI5498,459.2886,1.18,HILIC-pos
HILIC-pos_QI4709--->HILIC-pos_QI5189,[M+CH3COO]-,59.03710000000001,0.023247084280939134,HILIC-pos_QI4709,355.2633,1.32,HILIC-pos_QI5189,414.3004,1.36,HILIC-pos
HILIC-pos_QI5189--->HILIC-pos_QI5501,[M+HCOO]-,45.05759999999998,0.0593971487409064,HILIC-pos_QI5189,414.3004,1.36,HILIC-pos_QI5501,459.358,1.37,HILIC-pos
HILIC-pos_QI5347--->HILIC-pos_QI5498,[M+Na]+,23.00619999999998,0.01697929900904782,HILIC-pos_QI5347,436.2824,1.36,HILIC-pos_QI5498,459.2886,1.18,HILIC-pos
HILIC-pos_QI5347--->HILIC-pos_QI5501,[M+Na]+,23.07560000000001,0.08637929900907793,HILIC-pos_QI5347,436.2824,1.36,HILIC-pos_QI5501,459.358,1.37,HILIC-pos
HILIC-pos_QI5226--->HILIC-pos_QI5347,[M+NH4]+,17.959600000000023,0.07422555381090845,HILIC-pos_QI5226,418.3228,1.44,HILIC-pos_QI5347,436.2824,1.36,HILIC-pos
HILIC-pos_QI5347--->HILIC-pos_QI5471,[M+NH4]+,17.989599999999996,0.044225553810935736,HILIC-pos_QI5347,436.2824,1.36,HILIC-pos_QI5471,454.272,1.44,HILIC-pos
HILIC-pos_QI4731--->HILIC-pos_QI4736,M+1,0.9619999999999891,0.04135483780001081,HILIC-pos_QI4731,357.2788,1.37,HILIC-pos_QI4736,358.2408,1.4,HILIC-pos
HILIC-pos_QI4731--->HILIC-pos_QI5208,[M+CH3COO]-,59.03710000000001,0.023247084280939134,HILIC-pos_QI4731,357.2788,1.37,HILIC-pos_QI5208,416.3159,1.44,HILIC-pos
HILIC-pos_QI5348--->HILIC-pos_QI5501,[M+Na]+,23.015800000000013,0.02657929900908229,HILIC-pos_QI5348,436.3422,0.35,HILIC-pos_QI5501,459.358,1.37,HILIC-pos
HILIC-pos_QI5353--->HILIC-pos_QI5501,[M+Na]+,22.95830000000001,0.030920700990922256,HILIC-pos_QI5353,436.3997,1.28,HILIC-pos_QI5501,459.358,1.37,HILIC-pos
HILIC-pos_QI5189--->HILIC-pos_QI5501,[M+HCOO]-,45.05759999999998,0.0593971487409064,HILIC-pos_QI5189,414.3004,1.36,HILIC-pos_QI5501,459.358,1.37,HILIC-pos
HILIC-pos_QI5347--->HILIC-pos_QI5501,[M+Na]+,23.07560000000001,0.08637929900907793,HILIC-pos_QI5347,436.2824,1.36,HILIC-pos_QI5501,459.358,1.37,HILIC-pos
HILIC-pos_QI5593--->HILIC-pos_QI5808,[M+K]+,38.90579999999994,0.05735810009098685,HILIC-pos_QI5593,473.362,1.17,HILIC-pos_QI5808,512.2678,1.37,HILIC-pos
HILIC-pos_QI5689--->HILIC-pos_QI5808,[M+Na]+,22.910999999999945,0.0782207009909861,HILIC-pos_QI5689,489.3568,1.2,HILIC-pos_QI5808,512.2678,1.37,HILIC-pos
HILIC-pos_QI478--->HILIC-pos_QI820,[M+Na]+,22.931799999999996,0.0574207009909351,HILIC-pos_QI478,104.1074,0.35,HILIC-pos_QI820,127.0392,1.38,HILIC-pos
HILIC-pos_QI820--->HILIC-pos_QI1660,[M+K]+,39.0471,0.08394189990907108,HILIC-pos_QI820,127.0392,1.38,HILIC-pos_QI1660,166.0863,1.04,HILIC-pos
HILIC-pos_QI820--->HILIC-pos_QI3219,[M+CF3COO]-,113.0144,0.028812520970916466,HILIC-pos_QI820,127.0392,1.38,HILIC-pos_QI3219,240.0536,1.2,HILIC-pos
HILIC-pos_QI808--->HILIC-pos_QI820,M+1,0.9839999999999947,0.019354837800005242,HILIC-pos_QI808,126.0552,1.28,HILIC-pos_QI820,127.0392,1.38,HILIC-pos
HILIC-pos_QI1802--->HILIC-pos_QI2740,[M+HCOO]-,44.99280000000002,0.005402851259056263,HILIC-pos_QI1802,171.1015,1.39,HILIC-pos_QI2740,216.0943,0.83,HILIC-pos
HILIC-pos_QI1802--->HILIC-pos_QI2734,[M+HCOO]-,44.99260000000001,0.005602851259062902,HILIC-pos_QI1802,171.1015,1.39,HILIC-pos_QI2734,216.0941,0.88,HILIC-pos
HILIC-pos_QI1802--->HILIC-pos_QI2736,[M+HCOO]-,44.99260000000001,0.005602851259062902,HILIC-pos_QI1802,171.1015,1.39,HILIC-pos_QI2736,216.0941,1.03,HILIC-pos
HILIC-pos_QI1262--->HILIC-pos_QI1802,[M+Na]+,23.0257,0.03647929900906988,HILIC-pos_QI1262,148.0758,1.04,HILIC-pos_QI1802,171.1015,1.39,HILIC-pos
HILIC-pos_QI1802--->HILIC-pos_QI2565,[M+Cl]-,34.9469,0.02250125990907037,HILIC-pos_QI1802,171.1015,1.39,HILIC-pos_QI2565,206.0484,1.04,HILIC-pos
HILIC-pos_QI808--->HILIC-pos_QI1802,[M+HCOO]-,45.04629999999999,0.048097148740914974,HILIC-pos_QI808,126.0552,1.28,HILIC-pos_QI1802,171.1015,1.39,HILIC-pos
HILIC-pos_QI5273--->HILIC-pos_QI5424,[M+NH4]+,18.06880000000001,0.034974446189078634,HILIC-pos_QI5273,428.1158,1.01,HILIC-pos_QI5424,446.1846,1.39,HILIC-pos
HILIC-pos_QI4487--->HILIC-pos_QI4736,[M+Na]+,23.04109999999997,0.05187929900904109,HILIC-pos_QI4487,335.1997,1.02,HILIC-pos_QI4736,358.2408,1.4,HILIC-pos
HILIC-pos_QI4066--->HILIC-pos_QI4736,[M+CH3COO]-,59.11359999999996,0.0997470842808923,HILIC-pos_QI4066,299.1272,1.17,HILIC-pos_QI4736,358.2408,1.4,HILIC-pos
HILIC-pos_QI4283--->HILIC-pos_QI4736,[M+CH4CN]+,41.977499999999964,0.05632555381096438,HILIC-pos_QI4283,316.2633,1.2,HILIC-pos_QI4736,358.2408,1.4,HILIC-pos
HILIC-pos_QI4731--->HILIC-pos_QI4736,M+1,0.9619999999999891,0.04135483780001081,HILIC-pos_QI4731,357.2788,1.37,HILIC-pos_QI4736,358.2408,1.4,HILIC-pos
HILIC-pos_QI538--->HILIC-pos_QI934,[M+Na]+,23.00439999999999,0.015179299009059122,HILIC-pos_QI538,110.0605,1.42,HILIC-pos_QI934,133.0649,0.31,HILIC-pos
HILIC-pos_QI538--->HILIC-pos_QI1353,[M+CH4CN]+,42.01019999999998,0.023625553810944666,HILIC-pos_QI538,110.0605,1.42,HILIC-pos_QI1353,152.0707,1.02,HILIC-pos
HILIC-pos_QI538--->HILIC-pos_QI2848,[M+CF3COO]-,113.0142,0.028612520970924038,HILIC-pos_QI538,110.0605,1.42,HILIC-pos_QI2848,223.0747,1.02,HILIC-pos
HILIC-pos_QI538--->HILIC-pos_QI932,[M+Na]+,22.9919,0.0026792990090704905,HILIC-pos_QI538,110.0605,1.42,HILIC-pos_QI932,133.0524,1.1,HILIC-pos
HILIC-pos_QI1262--->HILIC-pos_QI2205,[M+CH4CN]+,41.94120000000001,0.09262555381091886,HILIC-pos_QI1262,148.0758,1.04,HILIC-pos_QI2205,190.017,1.42,HILIC-pos
HILIC-pos_QI2205--->HILIC-pos_QI3075,[M+CH4CN]+,42.010400000000004,0.023425553810923816,HILIC-pos_QI2205,190.017,1.42,HILIC-pos_QI3075,232.0274,1.1,HILIC-pos
HILIC-pos_QI1440--->HILIC-pos_QI2444,[M+HCOO]-,44.93039999999999,0.06780285125908136,HILIC-pos_QI1440,156.0421,1.04,HILIC-pos_QI2444,200.9725,1.42,HILIC-pos
HILIC-pos_QI1660--->HILIC-pos_QI2444,[M+Cl]-,34.8862,0.08320125990906746,HILIC-pos_QI1660,166.0863,1.04,HILIC-pos_QI2444,200.9725,1.42,HILIC-pos
HILIC-pos_QI2444--->HILIC-pos_QI3268,[M+CH4CN]+,42.029799999999994,0.004025553810933502,HILIC-pos_QI2444,200.9725,1.42,HILIC-pos_QI3268,243.0023,1.26,HILIC-pos
HILIC-pos_QI2066--->HILIC-pos_QI2444,[M+NH4]+,18.010500000000008,0.02332555381092405,HILIC-pos_QI2066,182.962,1.32,HILIC-pos_QI2444,200.9725,1.42,HILIC-pos
HILIC-pos_QI2444--->HILIC-pos_QI2862,[M+Na]+,23.015800000000013,0.02657929900908229,HILIC-pos_QI2444,200.9725,1.42,HILIC-pos_QI2862,223.9883,1.43,HILIC-pos
HILIC-pos_QI2125--->HILIC-pos_QI2862,[M+K]+,39.002700000000004,0.039541899909075084,HILIC-pos_QI2125,184.9856,0.38,HILIC-pos_QI2862,223.9883,1.43,HILIC-pos
HILIC-pos_QI2848--->HILIC-pos_QI2862,M+1,0.9136000000000024,0.08975483779999749,HILIC-pos_QI2848,223.0747,1.02,HILIC-pos_QI2862,223.9883,1.43,HILIC-pos
HILIC-pos_QI2565--->HILIC-pos_QI2862,[M+NH4]+,17.939900000000023,0.09392555381090872,HILIC-pos_QI2565,206.0484,1.04,HILIC-pos_QI2862,223.9883,1.43,HILIC-pos
HILIC-pos_QI2444--->HILIC-pos_QI2862,[M+Na]+,23.015800000000013,0.02657929900908229,HILIC-pos_QI2444,200.9725,1.42,HILIC-pos_QI2862,223.9883,1.43,HILIC-pos
HILIC-pos_QI5208--->HILIC-pos_QI5513,[M+HCOO]-,44.988200000000006,0.010002851259066858,HILIC-pos_QI5208,416.3159,1.44,HILIC-pos_QI5513,461.3041,1.24,HILIC-pos
HILIC-pos_QI4731--->HILIC-pos_QI5208,[M+CH3COO]-,59.03710000000001,0.023247084280939134,HILIC-pos_QI4731,357.2788,1.37,HILIC-pos_QI5208,416.3159,1.44,HILIC-pos
HILIC-pos_QI5208--->HILIC-pos_QI5517,[M+HCOO]-,45.05770000000001,0.059497148740938144,HILIC-pos_QI5208,416.3159,1.44,HILIC-pos_QI5517,461.3736,1.44,HILIC-pos
HILIC-pos_QI5208--->HILIC-pos_QI5375,[M+Na]+,23.062599999999975,0.07337929900904427,HILIC-pos_QI5208,416.3159,1.44,HILIC-pos_QI5375,439.3785,1.54,HILIC-pos
HILIC-pos_QI5226--->HILIC-pos_QI5348,[M+NH4]+,18.01940000000002,0.014425553810912817,HILIC-pos_QI5226,418.3228,1.44,HILIC-pos_QI5348,436.3422,0.35,HILIC-pos
HILIC-pos_QI5226--->HILIC-pos_QI5353,[M+NH4]+,18.076900000000023,0.04307444618909173,HILIC-pos_QI5226,418.3228,1.44,HILIC-pos_QI5353,436.3997,1.28,HILIC-pos
HILIC-pos_QI5226--->HILIC-pos_QI5347,[M+NH4]+,17.959600000000023,0.07422555381090845,HILIC-pos_QI5226,418.3228,1.44,HILIC-pos_QI5347,436.2824,1.36,HILIC-pos
HILIC-pos_QI5366--->HILIC-pos_QI5593,[M+Cl]-,35.06400000000002,0.0945987400909516,HILIC-pos_QI5366,438.298,1.44,HILIC-pos_QI5593,473.362,1.17,HILIC-pos
HILIC-pos_QI5366--->HILIC-pos_QI5513,[M+Na]+,23.006100000000004,0.016879299009072923,HILIC-pos_QI5366,438.298,1.44,HILIC-pos_QI5513,461.3041,1.24,HILIC-pos
HILIC-pos_QI5366--->HILIC-pos_QI5517,[M+Na]+,23.07560000000001,0.08637929900907793,HILIC-pos_QI5366,438.298,1.44,HILIC-pos_QI5517,461.3736,1.44,HILIC-pos
HILIC-pos_QI5375--->HILIC-pos_QI5366,[M-H]-,-1.0804999999999723,0.07322354767904216,HILIC-pos_QI5375,439.3785,1.54,HILIC-pos_QI5366,438.298,1.44,HILIC-pos
HILIC-pos_QI5471--->HILIC-pos_QI5586,[M+NH4]+,18.058400000000006,0.02457444618907445,HILIC-pos_QI5471,454.272,1.44,HILIC-pos_QI5586,472.3304,1.19,HILIC-pos
HILIC-pos_QI5347--->HILIC-pos_QI5471,[M+NH4]+,17.989599999999996,0.044225553810935736,HILIC-pos_QI5347,436.2824,1.36,HILIC-pos_QI5471,454.272,1.44,HILIC-pos
HILIC-pos_QI5208--->HILIC-pos_QI5517,[M+HCOO]-,45.05770000000001,0.059497148740938144,HILIC-pos_QI5208,416.3159,1.44,HILIC-pos_QI5517,461.3736,1.44,HILIC-pos
HILIC-pos_QI5366--->HILIC-pos_QI5517,[M+Na]+,23.07560000000001,0.08637929900907793,HILIC-pos_QI5366,438.298,1.44,HILIC-pos_QI5517,461.3736,1.44,HILIC-pos
HILIC-pos_QI6962--->HILIC-pos_QI7159,[M+CH4CN]+,42.08330000000001,0.04947444618908037,HILIC-pos_QI6962,752.6403,1.53,HILIC-pos_QI7159,794.7236,1.51,HILIC-pos
HILIC-pos_QI6963--->HILIC-pos_QI7159,[M+CH4CN]+,42.047300000000064,0.013474446189135847,HILIC-pos_QI6963,752.6763,1.53,HILIC-pos_QI7159,794.7236,1.51,HILIC-pos
HILIC-pos_QI7074--->HILIC-pos_QI7159,[M+NH4]+,18.047300000000064,0.013474446189132294,HILIC-pos_QI7074,776.6763,1.53,HILIC-pos_QI7159,794.7236,1.51,HILIC-pos
HILIC-pos_QI7087--->HILIC-pos_QI7178,[M+NH4]+,18.04449999999997,0.010674446189039344,HILIC-pos_QI7087,778.6919,1.52,HILIC-pos_QI7178,796.7364,1.51,HILIC-pos
HILIC-pos_QI6974--->HILIC-pos_QI7178,[M+CH4CN]+,42.044200000000046,0.010374446189118203,HILIC-pos_QI6974,754.6922,1.53,HILIC-pos_QI7178,796.7364,1.51,HILIC-pos
HILIC-pos_QI6950--->HILIC-pos_QI7027,[M+NH4]+,18.046899999999937,0.013074446189005329,HILIC-pos_QI6950,748.6453,1.52,HILIC-pos_QI7027,766.6922,1.52,HILIC-pos
HILIC-pos_QI6950--->HILIC-pos_QI7138,[M+CH4CN]+,42.04669999999999,0.012874446189059086,HILIC-pos_QI6950,748.6453,1.52,HILIC-pos_QI7138,790.692,1.52,HILIC-pos
HILIC-pos_QI6775--->HILIC-pos_QI6950,[M+CH4CN]+,42.0471,0.013274446189072364,HILIC-pos_QI6775,706.5982,1.54,HILIC-pos_QI6950,748.6453,1.52,HILIC-pos
HILIC-pos_QI7006--->HILIC-pos_QI7097,[M+NH4]+,18.047000000000025,0.013174446189093914,HILIC-pos_QI7006,762.6607,1.52,HILIC-pos_QI7097,780.7077,1.52,HILIC-pos
HILIC-pos_QI7006--->HILIC-pos_QI7096,[M+NH4]+,18.010899999999992,0.022925553810939192,HILIC-pos_QI7006,762.6607,1.52,HILIC-pos_QI7096,780.6716,1.53,HILIC-pos
HILIC-pos_QI7017--->HILIC-pos_QI7109,[M+NH4]+,18.046600000000012,0.012774446189080635,HILIC-pos_QI7017,764.6764,1.52,HILIC-pos_QI7109,782.723,1.52,HILIC-pos
HILIC-pos_QI7017--->HILIC-pos_QI7108,[M+NH4]+,18.010800000000017,0.02302555381091409,HILIC-pos_QI7017,764.6764,1.52,HILIC-pos_QI7108,782.6872,1.53,HILIC-pos
HILIC-pos_QI6853--->HILIC-pos_QI7017,[M+CH4CN]+,42.04669999999999,0.012874446189059086,HILIC-pos_QI6853,722.6297,1.54,HILIC-pos_QI7017,764.6764,1.52,HILIC-pos
HILIC-pos_QI6950--->HILIC-pos_QI7027,[M+NH4]+,18.046899999999937,0.013074446189005329,HILIC-pos_QI6950,748.6453,1.52,HILIC-pos_QI7027,766.6922,1.52,HILIC-pos
HILIC-pos_QI7027--->HILIC-pos_QI7112,[M+NH4]+,17.953200000000038,0.08062555381089354,HILIC-pos_QI7027,766.6922,1.52,HILIC-pos_QI7112,784.6454,1.52,HILIC-pos
HILIC-pos_QI6856--->HILIC-pos_QI7027,[M+CH4CN]+,42.0471,0.013274446189072364,HILIC-pos_QI6856,724.6451,1.54,HILIC-pos_QI7027,766.6922,1.52,HILIC-pos
HILIC-pos_QI7087--->HILIC-pos_QI7178,[M+NH4]+,18.04449999999997,0.010674446189039344,HILIC-pos_QI7087,778.6919,1.52,HILIC-pos_QI7178,796.7364,1.51,HILIC-pos
HILIC-pos_QI6900--->HILIC-pos_QI7087,[M+CH4CN]+,42.046800000000076,0.01297444618914767,HILIC-pos_QI6900,736.6451,1.53,HILIC-pos_QI7087,778.6919,1.52,HILIC-pos
HILIC-pos_QI7000--->HILIC-pos_QI7087,[M+NH4]+,18.04690000000005,0.013074446189119016,HILIC-pos_QI7000,760.645,1.53,HILIC-pos_QI7087,778.6919,1.52,HILIC-pos
HILIC-pos_QI7006--->HILIC-pos_QI7097,[M+NH4]+,18.047000000000025,0.013174446189093914,HILIC-pos_QI7006,762.6607,1.52,HILIC-pos_QI7097,780.7077,1.52,HILIC-pos
HILIC-pos_QI7097--->HILIC-pos_QI7186,[M+NH4]+,17.95279999999991,0.0810255538110205,HILIC-pos_QI7097,780.7077,1.52,HILIC-pos_QI7186,798.6605,1.52,HILIC-pos
HILIC-pos_QI6912--->HILIC-pos_QI7097,[M+CH4CN]+,42.04690000000005,0.013074446189122568,HILIC-pos_QI6912,738.6608,1.53,HILIC-pos_QI7097,780.7077,1.52,HILIC-pos
HILIC-pos_QI7017--->HILIC-pos_QI7109,[M+NH4]+,18.046600000000012,0.012774446189080635,HILIC-pos_QI7017,764.6764,1.52,HILIC-pos_QI7109,782.723,1.52,HILIC-pos
HILIC-pos_QI6920--->HILIC-pos_QI7109,[M+CH4CN]+,42.04589999999996,0.012074446189032528,HILIC-pos_QI6920,740.6771,1.53,HILIC-pos_QI7109,782.723,1.52,HILIC-pos
HILIC-pos_QI7027--->HILIC-pos_QI7112,[M+NH4]+,17.953200000000038,0.08062555381089354,HILIC-pos_QI7027,766.6922,1.52,HILIC-pos_QI7112,784.6454,1.52,HILIC-pos
HILIC-pos_QI6950--->HILIC-pos_QI7138,[M+CH4CN]+,42.04669999999999,0.012874446189059086,HILIC-pos_QI6950,748.6453,1.52,HILIC-pos_QI7138,790.692,1.52,HILIC-pos
HILIC-pos_QI6957--->HILIC-pos_QI7146,[M+CH4CN]+,42.04690000000005,0.013074446189122568,HILIC-pos_QI6957,750.6608,1.53,HILIC-pos_QI7146,792.7077,1.52,HILIC-pos
HILIC-pos_QI7043--->HILIC-pos_QI7146,[M+Na]+,22.99630000000002,0.007079299009088658,HILIC-pos_QI7043,769.7114,1.53,HILIC-pos_QI7146,792.7077,1.52,HILIC-pos
HILIC-pos_QI7090--->HILIC-pos_QI7186,[M+NH4]+,18.1318,0.09797444618906681,HILIC-pos_QI7090,780.5287,1.24,HILIC-pos_QI7186,798.6605,1.52,HILIC-pos
HILIC-pos_QI7097--->HILIC-pos_QI7186,[M+NH4]+,17.95279999999991,0.0810255538110205,HILIC-pos_QI7097,780.7077,1.52,HILIC-pos_QI7186,798.6605,1.52,HILIC-pos
HILIC-pos_QI7096--->HILIC-pos_QI7186,[M+NH4]+,17.988899999999944,0.044925553810987395,HILIC-pos_QI7096,780.6716,1.53,HILIC-pos_QI7186,798.6605,1.52,HILIC-pos
HILIC-pos_QI5348--->HILIC-pos_QI5720,[M+CH3COO]-,59.09879999999998,0.08494708428091258,HILIC-pos_QI5348,436.3422,0.35,HILIC-pos_QI5720,495.441,1.53,HILIC-pos
HILIC-pos_QI5353--->HILIC-pos_QI5720,[M+CH3COO]-,59.04129999999998,0.02744708428090803,HILIC-pos_QI5353,436.3997,1.28,HILIC-pos_QI5720,495.441,1.53,HILIC-pos
HILIC-pos_QI6804--->HILIC-pos_QI6974,[M+CH4CN]+,42.04689999999994,0.013074446189008881,HILIC-pos_QI6804,712.6453,1.53,HILIC-pos_QI6974,754.6922,1.53,HILIC-pos
HILIC-pos_QI6694--->HILIC-pos_QI6866,[M+CH4CN]+,42.047000000000025,0.013174446189097466,HILIC-pos_QI6694,684.6138,1.54,HILIC-pos_QI6866,726.6608,1.53,HILIC-pos
HILIC-pos_QI6780--->HILIC-pos_QI6866,[M+NH4]+,18.0471,0.013274446189068811,HILIC-pos_QI6780,708.6137,1.54,HILIC-pos_QI6866,726.6608,1.53,HILIC-pos
HILIC-pos_QI6833--->HILIC-pos_QI6895,[M+NH4]+,18.062400000000025,0.02857444618909355,HILIC-pos_QI6833,716.567,1.28,HILIC-pos_QI6895,734.6294,1.53,HILIC-pos
HILIC-pos_QI6895--->HILIC-pos_QI6962,[M+NH4]+,18.010899999999992,0.022925553810939192,HILIC-pos_QI6895,734.6294,1.53,HILIC-pos_QI6962,752.6403,1.53,HILIC-pos
HILIC-pos_QI6895--->HILIC-pos_QI6963,[M+NH4]+,18.046899999999937,0.013074446189005329,HILIC-pos_QI6895,734.6294,1.53,HILIC-pos_QI6963,752.6763,1.53,HILIC-pos
HILIC-pos_QI6895--->HILIC-pos_QI7074,[M+CH4CN]+,42.04689999999994,0.013074446189008881,HILIC-pos_QI6895,734.6294,1.53,HILIC-pos_QI7074,776.6763,1.53,HILIC-pos
HILIC-pos_QI6900--->HILIC-pos_QI7087,[M+CH4CN]+,42.046800000000076,0.01297444618914767,HILIC-pos_QI6900,736.6451,1.53,HILIC-pos_QI7087,778.6919,1.52,HILIC-pos
HILIC-pos_QI6900--->HILIC-pos_QI6974,[M+NH4]+,18.0471,0.013274446189068811,HILIC-pos_QI6900,736.6451,1.53,HILIC-pos_QI6974,754.6922,1.53,HILIC-pos
HILIC-pos_QI6731--->HILIC-pos_QI6912,[M+CH4CN]+,42.12030000000004,0.08647444618911493,HILIC-pos_QI6731,696.5405,1.29,HILIC-pos_QI6912,738.6608,1.53,HILIC-pos
HILIC-pos_QI6912--->HILIC-pos_QI7097,[M+CH4CN]+,42.04690000000005,0.013074446189122568,HILIC-pos_QI6912,738.6608,1.53,HILIC-pos_QI7097,780.7077,1.52,HILIC-pos
HILIC-pos_QI6912--->HILIC-pos_QI7096,[M+CH4CN]+,42.01080000000002,0.023025553810910537,HILIC-pos_QI6912,738.6608,1.53,HILIC-pos_QI7096,780.6716,1.53,HILIC-pos
HILIC-pos_QI6743--->HILIC-pos_QI6920,[M+CH4CN]+,42.12080000000003,0.0869744461891031,HILIC-pos_QI6743,698.5563,1.28,HILIC-pos_QI6920,740.6771,1.53,HILIC-pos
HILIC-pos_QI6920--->HILIC-pos_QI7109,[M+CH4CN]+,42.04589999999996,0.012074446189032528,HILIC-pos_QI6920,740.6771,1.53,HILIC-pos_QI7109,782.723,1.52,HILIC-pos
HILIC-pos_QI6920--->HILIC-pos_QI7108,[M+CH4CN]+,42.010099999999966,0.023725553810962197,HILIC-pos_QI6920,740.6771,1.53,HILIC-pos_QI7108,782.6872,1.53,HILIC-pos
HILIC-pos_QI6744--->HILIC-pos_QI6920,[M+CH4CN]+,42.04769999999996,0.013874446189035439,HILIC-pos_QI6744,698.6294,1.54,HILIC-pos_QI6920,740.6771,1.53,HILIC-pos
HILIC-pos_QI6853--->HILIC-pos_QI6920,[M+NH4]+,18.04740000000004,0.013574446189107192,HILIC-pos_QI6853,722.6297,1.54,HILIC-pos_QI6920,740.6771,1.53,HILIC-pos
HILIC-pos_QI6957--->HILIC-pos_QI7146,[M+CH4CN]+,42.04690000000005,0.013074446189122568,HILIC-pos_QI6957,750.6608,1.53,HILIC-pos_QI7146,792.7077,1.52,HILIC-pos
HILIC-pos_QI6780--->HILIC-pos_QI6957,[M+CH4CN]+,42.0471,0.013274446189072364,HILIC-pos_QI6780,708.6137,1.54,HILIC-pos_QI6957,750.6608,1.53,HILIC-pos
HILIC-pos_QI6888--->HILIC-pos_QI6957,[M+NH4]+,18.04690000000005,0.013074446189119016,HILIC-pos_QI6888,732.6139,1.54,HILIC-pos_QI6957,750.6608,1.53,HILIC-pos
HILIC-pos_QI6962--->HILIC-pos_QI7159,[M+CH4CN]+,42.08330000000001,0.04947444618908037,HILIC-pos_QI6962,752.6403,1.53,HILIC-pos_QI7159,794.7236,1.51,HILIC-pos
HILIC-pos_QI6895--->HILIC-pos_QI6962,[M+NH4]+,18.010899999999992,0.022925553810939192,HILIC-pos_QI6895,734.6294,1.53,HILIC-pos_QI6962,752.6403,1.53,HILIC-pos
HILIC-pos_QI6793--->HILIC-pos_QI6962,[M+CH4CN]+,42.01089999999999,0.02292555381093564,HILIC-pos_QI6793,710.6294,1.54,HILIC-pos_QI6962,752.6403,1.53,HILIC-pos
HILIC-pos_QI6963--->HILIC-pos_QI7159,[M+CH4CN]+,42.047300000000064,0.013474446189135847,HILIC-pos_QI6963,752.6763,1.53,HILIC-pos_QI7159,794.7236,1.51,HILIC-pos
HILIC-pos_QI6895--->HILIC-pos_QI6963,[M+NH4]+,18.046899999999937,0.013074446189005329,HILIC-pos_QI6895,734.6294,1.53,HILIC-pos_QI6963,752.6763,1.53,HILIC-pos
HILIC-pos_QI6793--->HILIC-pos_QI6963,[M+CH4CN]+,42.04689999999994,0.013074446189008881,HILIC-pos_QI6793,710.6294,1.54,HILIC-pos_QI6963,752.6763,1.53,HILIC-pos
HILIC-pos_QI6974--->HILIC-pos_QI7178,[M+CH4CN]+,42.044200000000046,0.010374446189118203,HILIC-pos_QI6974,754.6922,1.53,HILIC-pos_QI7178,796.7364,1.51,HILIC-pos
HILIC-pos_QI6804--->HILIC-pos_QI6974,[M+CH4CN]+,42.04689999999994,0.013074446189008881,HILIC-pos_QI6804,712.6453,1.53,HILIC-pos_QI6974,754.6922,1.53,HILIC-pos
HILIC-pos_QI6900--->HILIC-pos_QI6974,[M+NH4]+,18.0471,0.013274446189068811,HILIC-pos_QI6900,736.6451,1.53,HILIC-pos_QI6974,754.6922,1.53,HILIC-pos
HILIC-pos_QI7000--->HILIC-pos_QI7087,[M+NH4]+,18.04690000000005,0.013074446189119016,HILIC-pos_QI7000,760.645,1.53,HILIC-pos_QI7087,778.6919,1.52,HILIC-pos
HILIC-pos_QI7043--->HILIC-pos_QI7146,[M+Na]+,22.99630000000002,0.007079299009088658,HILIC-pos_QI7043,769.7114,1.53,HILIC-pos_QI7146,792.7077,1.52,HILIC-pos
HILIC-pos_QI6793--->HILIC-pos_QI7043,[M+CH3COO]-,59.081999999999994,0.06814708428092331,HILIC-pos_QI6793,710.6294,1.54,HILIC-pos_QI7043,769.7114,1.53,HILIC-pos
HILIC-pos_QI6856--->HILIC-pos_QI7043,[M+HCOO]-,45.06630000000007,0.06809714874099626,HILIC-pos_QI6856,724.6451,1.54,HILIC-pos_QI7043,769.7114,1.53,HILIC-pos
HILIC-pos_QI7074--->HILIC-pos_QI7159,[M+NH4]+,18.047300000000064,0.013474446189132294,HILIC-pos_QI7074,776.6763,1.53,HILIC-pos_QI7159,794.7236,1.51,HILIC-pos
HILIC-pos_QI6895--->HILIC-pos_QI7074,[M+CH4CN]+,42.04689999999994,0.013074446189008881,HILIC-pos_QI6895,734.6294,1.53,HILIC-pos_QI7074,776.6763,1.53,HILIC-pos
HILIC-pos_QI7006--->HILIC-pos_QI7096,[M+NH4]+,18.010899999999992,0.022925553810939192,HILIC-pos_QI7006,762.6607,1.52,HILIC-pos_QI7096,780.6716,1.53,HILIC-pos
HILIC-pos_QI7096--->HILIC-pos_QI7186,[M+NH4]+,17.988899999999944,0.044925553810987395,HILIC-pos_QI7096,780.6716,1.53,HILIC-pos_QI7186,798.6605,1.52,HILIC-pos
HILIC-pos_QI6912--->HILIC-pos_QI7096,[M+CH4CN]+,42.01080000000002,0.023025553810910537,HILIC-pos_QI6912,738.6608,1.53,HILIC-pos_QI7096,780.6716,1.53,HILIC-pos
HILIC-pos_QI7017--->HILIC-pos_QI7108,[M+NH4]+,18.010800000000017,0.02302555381091409,HILIC-pos_QI7017,764.6764,1.52,HILIC-pos_QI7108,782.6872,1.53,HILIC-pos
HILIC-pos_QI6920--->HILIC-pos_QI7108,[M+CH4CN]+,42.010099999999966,0.023725553810962197,HILIC-pos_QI6920,740.6771,1.53,HILIC-pos_QI7108,782.6872,1.53,HILIC-pos
HILIC-pos_QI3673--->HILIC-pos_QI4143,[M+Cl]-,34.90620000000001,0.06320125990905723,HILIC-pos_QI3673,269.2263,1.54,HILIC-pos_QI4143,304.1325,1.06,HILIC-pos
HILIC-pos_QI2894--->HILIC-pos_QI3673,[M+HCOO]-,45.02539999999999,0.0271971487409175,HILIC-pos_QI2894,224.2009,1.17,HILIC-pos_QI3673,269.2263,1.54,HILIC-pos
HILIC-pos_QI5208--->HILIC-pos_QI5375,[M+Na]+,23.062599999999975,0.07337929900904427,HILIC-pos_QI5208,416.3159,1.44,HILIC-pos_QI5375,439.3785,1.54,HILIC-pos
HILIC-pos_QI5375--->HILIC-pos_QI5366,[M-H]-,-1.0804999999999723,0.07322354767904216,HILIC-pos_QI5375,439.3785,1.54,HILIC-pos_QI5366,438.298,1.44,HILIC-pos
HILIC-pos_QI5150--->HILIC-pos_QI5560,[M+CH3COO]-,59.04150000000004,0.027647084280971512,HILIC-pos_QI5150,408.3683,1.28,HILIC-pos_QI5560,467.4098,1.54,HILIC-pos
HILIC-pos_QI5711--->HILIC-pos_QI5836,[M+Na]+,22.931200000000047,0.05802070099088397,HILIC-pos_QI5711,493.4256,1.54,HILIC-pos_QI5836,516.3568,1.26,HILIC-pos
HILIC-pos_QI6621--->HILIC-pos_QI6685,[M+NH4]+,17.95889999999997,0.07492555381096011,HILIC-pos_QI6621,664.6023,1.54,HILIC-pos_QI6685,682.5612,1.24,HILIC-pos
HILIC-pos_QI6621--->HILIC-pos_QI6688,[M+NH4]+,17.995900000000006,0.03792555381092555,HILIC-pos_QI6621,664.6023,1.54,HILIC-pos_QI6688,682.5982,1.54,HILIC-pos
HILIC-pos_QI6621--->HILIC-pos_QI6775,[M+CH4CN]+,41.995900000000006,0.037925553810922,HILIC-pos_QI6621,664.6023,1.54,HILIC-pos_QI6775,706.5982,1.54,HILIC-pos
HILIC-pos_QI6688--->HILIC-pos_QI6751,[M+NH4]+,17.973899999999958,0.05992555381097375,HILIC-pos_QI6688,682.5982,1.54,HILIC-pos_QI6751,700.5721,1.24,HILIC-pos
HILIC-pos_QI6621--->HILIC-pos_QI6688,[M+NH4]+,17.995900000000006,0.03792555381092555,HILIC-pos_QI6621,664.6023,1.54,HILIC-pos_QI6688,682.5982,1.54,HILIC-pos
HILIC-pos_QI6688--->HILIC-pos_QI6856,[M+CH4CN]+,42.04689999999994,0.013074446189008881,HILIC-pos_QI6688,682.5982,1.54,HILIC-pos_QI6856,724.6451,1.54,HILIC-pos
HILIC-pos_QI6694--->HILIC-pos_QI6866,[M+CH4CN]+,42.047000000000025,0.013174446189097466,HILIC-pos_QI6694,684.6138,1.54,HILIC-pos_QI6866,726.6608,1.53,HILIC-pos
HILIC-pos_QI6744--->HILIC-pos_QI6833,[M+NH4]+,17.937599999999975,0.09622555381095665,HILIC-pos_QI6744,698.6294,1.54,HILIC-pos_QI6833,716.567,1.28,HILIC-pos
HILIC-pos_QI6744--->HILIC-pos_QI6920,[M+CH4CN]+,42.04769999999996,0.013874446189035439,HILIC-pos_QI6744,698.6294,1.54,HILIC-pos_QI6920,740.6771,1.53,HILIC-pos
HILIC-pos_QI6775--->HILIC-pos_QI6950,[M+CH4CN]+,42.0471,0.013274446189072364,HILIC-pos_QI6775,706.5982,1.54,HILIC-pos_QI6950,748.6453,1.52,HILIC-pos
HILIC-pos_QI6621--->HILIC-pos_QI6775,[M+CH4CN]+,41.995900000000006,0.037925553810922,HILIC-pos_QI6621,664.6023,1.54,HILIC-pos_QI6775,706.5982,1.54,HILIC-pos
HILIC-pos_QI6775--->HILIC-pos_QI6856,[M+NH4]+,18.046899999999937,0.013074446189005329,HILIC-pos_QI6775,706.5982,1.54,HILIC-pos_QI6856,724.6451,1.54,HILIC-pos
HILIC-pos_QI6780--->HILIC-pos_QI6866,[M+NH4]+,18.0471,0.013274446189068811,HILIC-pos_QI6780,708.6137,1.54,HILIC-pos_QI6866,726.6608,1.53,HILIC-pos
HILIC-pos_QI6780--->HILIC-pos_QI6957,[M+CH4CN]+,42.0471,0.013274446189072364,HILIC-pos_QI6780,708.6137,1.54,HILIC-pos_QI6957,750.6608,1.53,HILIC-pos
HILIC-pos_QI6793--->HILIC-pos_QI6962,[M+CH4CN]+,42.01089999999999,0.02292555381093564,HILIC-pos_QI6793,710.6294,1.54,HILIC-pos_QI6962,752.6403,1.53,HILIC-pos
HILIC-pos_QI6793--->HILIC-pos_QI6963,[M+CH4CN]+,42.04689999999994,0.013074446189008881,HILIC-pos_QI6793,710.6294,1.54,HILIC-pos_QI6963,752.6763,1.53,HILIC-pos
HILIC-pos_QI6793--->HILIC-pos_QI7043,[M+CH3COO]-,59.081999999999994,0.06814708428092331,HILIC-pos_QI6793,710.6294,1.54,HILIC-pos_QI7043,769.7114,1.53,HILIC-pos
HILIC-pos_QI6853--->HILIC-pos_QI7017,[M+CH4CN]+,42.04669999999999,0.012874446189059086,HILIC-pos_QI6853,722.6297,1.54,HILIC-pos_QI7017,764.6764,1.52,HILIC-pos
HILIC-pos_QI6853--->HILIC-pos_QI6920,[M+NH4]+,18.04740000000004,0.013574446189107192,HILIC-pos_QI6853,722.6297,1.54,HILIC-pos_QI6920,740.6771,1.53,HILIC-pos
HILIC-pos_QI6685--->HILIC-pos_QI6856,[M+CH4CN]+,42.08389999999997,0.05007444618904344,HILIC-pos_QI6685,682.5612,1.24,HILIC-pos_QI6856,724.6451,1.54,HILIC-pos
HILIC-pos_QI6856--->HILIC-pos_QI7027,[M+CH4CN]+,42.0471,0.013274446189072364,HILIC-pos_QI6856,724.6451,1.54,HILIC-pos_QI7027,766.6922,1.52,HILIC-pos
HILIC-pos_QI6856--->HILIC-pos_QI7043,[M+HCOO]-,45.06630000000007,0.06809714874099626,HILIC-pos_QI6856,724.6451,1.54,HILIC-pos_QI7043,769.7114,1.53,HILIC-pos
HILIC-pos_QI6688--->HILIC-pos_QI6856,[M+CH4CN]+,42.04689999999994,0.013074446189008881,HILIC-pos_QI6688,682.5982,1.54,HILIC-pos_QI6856,724.6451,1.54,HILIC-pos
HILIC-pos_QI6775--->HILIC-pos_QI6856,[M+NH4]+,18.046899999999937,0.013074446189005329,HILIC-pos_QI6775,706.5982,1.54,HILIC-pos_QI6856,724.6451,1.54,HILIC-pos
HILIC-pos_QI6817--->HILIC-pos_QI6888,[M+NH4]+,18.062599999999975,0.028774446189043346,HILIC-pos_QI6817,714.5513,1.27,HILIC-pos_QI6888,732.6139,1.54,HILIC-pos
HILIC-pos_QI6888--->HILIC-pos_QI6957,[M+NH4]+,18.04690000000005,0.013074446189119016,HILIC-pos_QI6888,732.6139,1.54,HILIC-pos_QI6957,750.6608,1.53,HILIC-pos
